{
	"biome": "minecraft:hell",
	"generationWeight": 10,
	"useDefaultDecorations": true,
	"isSubBiome": false,
	"blocks": {
		"surface": {
			"block": "minecraft:netherrack"
		},
		"liquid": {
			"block": "minecraft:lava"
		},
		"subsurface": {
			"block": "minecraft:netherrack"
		}
	},
	"entities": [
		{
			"spawnWeight": 50,
			"minimumGroupCount": 4,
			"maximumGroupCount": 4,
			"entity": "minecraft:ghast"
		}, 
		{
			"spawnWeight": 100,
			"minimumGroupCount": 4,
			"maximumGroupCount": 4,
			"entity": "minecraft:zombie_pigman"
		}, 
		{
			"spawnWeight": 2,
			"minimumGroupCount": 4,
			"maximumGroupCount": 4,
			"entity": "minecraft:magma_cube"
		}, 
		{
			"spawnWeight": 1,
			"minimumGroupCount": 4,
			"maximumGroupCount": 4,
			"entity": "minecraft:enderman"
		}, 
		{
			"spawnWeight": 1,
			"minimumGroupCount": 1,
			"maximumGroupCount": 1,
			"entity": "emberroot:slime"
		}, 
		{
			"spawnWeight": 1,
			"minimumGroupCount": 1,
			"maximumGroupCount": 1,
			"entity": "emberroot:rootsonespriteling"
		}, 
		{
			"spawnWeight": 8,
			"minimumGroupCount": 1,
			"maximumGroupCount": 3,
			"entity": "mysticalworld:entity_hell_sprout"
		}, 
		{
			"spawnWeight": 2,
			"minimumGroupCount": 1,
			"maximumGroupCount": 1,
			"entity": "mysticalworld:entity_lava_cat"
		}, 
		{
			"spawnWeight": 1,
			"minimumGroupCount": 1,
			"maximumGroupCount": 1,
			"entity": "ebwizardry:lightning_wraith"
		}, 
		{
			"spawnWeight": 3,
			"minimumGroupCount": 1,
			"maximumGroupCount": 1,
			"entity": "ebwizardry:evil_wizard"
		}, 
		{
			"spawnWeight": 30,
			"minimumGroupCount": 4,
			"maximumGroupCount": 8,
			"entity": "mod_lavacow:salamander"
		}, 
		{
			"spawnWeight": 2,
			"minimumGroupCount": 1,
			"maximumGroupCount": 1,
			"entity": "ancientspellcraft:void_creeper"
		}, 
		{
			"spawnWeight": 20,
			"minimumGroupCount": 1,
			"maximumGroupCount": 3,
			"entity": "ancientspellcraft:skeleton_mage"
		}, 
		{
			"spawnWeight": 2,
			"minimumGroupCount": 1,
			"maximumGroupCount": 1,
			"entity": "ancientspellcraft:evil_class_wizard"
		}, 
		{
			"spawnWeight": 8,
			"minimumGroupCount": 1,
			"maximumGroupCount": 3,
			"entity": "mocreatures:horsemob"
		}, 
		{
			"spawnWeight": 4,
			"minimumGroupCount": 1,
			"maximumGroupCount": 3,
			"entity": "mocreatures:cavescorpion"
		}, 
		{
			"spawnWeight": 6,
			"minimumGroupCount": 1,
			"maximumGroupCount": 3,
			"entity": "mocreatures:dirtscorpion"
		}, 
		{
			"spawnWeight": 6,
			"minimumGroupCount": 1,
			"maximumGroupCount": 3,
			"entity": "mocreatures:firescorpion"
		}, 
		{
			"spawnWeight": 8,
			"minimumGroupCount": 1,
			"maximumGroupCount": 3,
			"entity": "mocreatures:firemanticore"
		}, 
		{
			"spawnWeight": 6,
			"minimumGroupCount": 1,
			"maximumGroupCount": 2,
			"entity": "mocreatures:fireogre"
		}, 
		{
			"spawnWeight": 5,
			"minimumGroupCount": 1,
			"maximumGroupCount": 2,
			"entity": "mocreatures:flamewraith"
		}, 
		{
			"spawnWeight": 6,
			"minimumGroupCount": 1,
			"maximumGroupCount": 4,
			"entity": "mocreatures:hellrat"
		}, 
		{
			"spawnWeight": 40,
			"minimumGroupCount": 4,
			"maximumGroupCount": 4,
			"entity": "ancientbeasts:netherhound"
		}, 
		{
			"spawnWeight": 40,
			"minimumGroupCount": 1,
			"maximumGroupCount": 1,
			"entity": "ancientbeasts:damcell"
		}, 
		{
			"spawnWeight": 60,
			"minimumGroupCount": 1,
			"maximumGroupCount": 4,
			"entity": "ancientbeasts:boulderer"
		}, 
		{
			"spawnWeight": 4,
			"minimumGroupCount": 1,
			"maximumGroupCount": 1,
			"entity": "ancientbeasts:rifted_enderman"
		}, 
		{
			"spawnWeight": 20,
			"minimumGroupCount": 1,
			"maximumGroupCount": 3,
			"entity": "ancientbeasts:bonepile"
		}, 
		{
			"spawnWeight": 1,
			"minimumGroupCount": 1,
			"maximumGroupCount": 1,
			"entity": "eerieentities:nether_knight"
		}, 
		{
			"spawnWeight": 12,
			"minimumGroupCount": 1,
			"maximumGroupCount": 1,
			"entity": "grimoireofgaia:vase_nether"
		}, 
		{
			"spawnWeight": 16,
			"minimumGroupCount": 2,
			"maximumGroupCount": 4,
			"entity": "grimoireofgaia:succubus"
		}, 
		{
			"spawnWeight": 12,
			"minimumGroupCount": 2,
			"maximumGroupCount": 4,
			"entity": "grimoireofgaia:wither_cow"
		}, 
		{
			"spawnWeight": 12,
			"minimumGroupCount": 2,
			"maximumGroupCount": 4,
			"entity": "grimoireofgaia:baphomet"
		}, 
		{
			"spawnWeight": 20,
			"minimumGroupCount": 1,
			"maximumGroupCount": 2,
			"entity": "lycanitesmobs:astaroth"
		}, 
		{
			"spawnWeight": 20,
			"minimumGroupCount": 1,
			"maximumGroupCount": 3,
			"entity": "lycanitesmobs:behemoth"
		}, 
		{
			"spawnWeight": 10,
			"minimumGroupCount": 1,
			"maximumGroupCount": 3,
			"entity": "lycanitesmobs:archvile"
		}, 
		{
			"spawnWeight": 20,
			"minimumGroupCount": 1,
			"maximumGroupCount": 3,
			"entity": "lycanitesmobs:vorach"
		}, 
		{
			"spawnWeight": 80,
			"minimumGroupCount": 3,
			"maximumGroupCount": 6,
			"entity": "lycanitesmobs:trite"
		}, 
		{
			"spawnWeight": 80,
			"minimumGroupCount": 1,
			"maximumGroupCount": 3,
			"entity": "lycanitesmobs:belph"
		}, 
		{
			"spawnWeight": 2,
			"minimumGroupCount": 1,
			"maximumGroupCount": 1,
			"entity": "mowziesmobs:grottol"
		}, 
		{
			"spawnWeight": 60,
			"minimumGroupCount": 1,
			"maximumGroupCount": 3,
			"entity": "lycanitesmobs:pinky"
		}, 
		{
			"spawnWeight": 100,
			"minimumGroupCount": 5,
			"maximumGroupCount": 10,
			"entity": "betternether:firefly"
		}, 
		{
			"spawnWeight": 7,
			"minimumGroupCount": 1,
			"maximumGroupCount": 4,
			"entity": "mocreatures:ant"
		}, 
		{
			"spawnWeight": 8,
			"minimumGroupCount": 1,
			"maximumGroupCount": 2,
			"entity": "mocreatures:fly"
		}, 
		{
			"spawnWeight": 8,
			"minimumGroupCount": 1,
			"maximumGroupCount": 2,
			"entity": "mocreatures:maggot"
		}, 
		{
			"spawnWeight": 8,
			"minimumGroupCount": 1,
			"maximumGroupCount": 2,
			"entity": "mocreatures:roach"
		}
	],
	"traits": [
		{
			"generationAttempts": 8,
			"generationStage": "decoration",
			"generationProbability": 1.0,
			"minimumGenerationHeight": 4,
			"blockToTarget": {
				"block": "minecraft:netherrack"
			},
			"blockToSpawn": {
				"block": "minecraft:flowing_lava"
			},
			"randomizeGenerationAttempts": false,
			"trait": "libraryex:fluid",
			"maximumGenerationHeight": 124,
			"generateFalling": false
		}, 
		{
			"generationAttempts": 10,
			"generationStage": "decoration",
			"generationProbability": 1.0,
			"minimumGenerationHeight": 4,
			"blockToSpawn": {
				"block": "minecraft:fire"
			},
			"blockToTarget": {
				"block": "minecraft:netherrack"
			},
			"randomizeGenerationAttempts": true,
			"trait": "libraryex:scatter",
			"maximumGenerationHeight": 124,
			"placement": "on_ground"
		}, 
		{
			"generationAttempts": 10,
			"generationStage": "decoration",
			"generationProbability": 1.0,
			"minimumGenerationHeight": 4,
			"blockToSpawn": {
				"block": "minecraft:glowstone"
			},
			"randomizeGenerationAttempts": true,
			"trait": "libraryex:cluster",
			"maximumGenerationHeight": 124,
			"blockToAttachTo": {
				"block": "minecraft:netherrack"
			},
			"direction": "down"
		}, 
		{
			"generationAttempts": 10,
			"generationStage": "decoration",
			"generationProbability": 1.0,
			"minimumGenerationHeight": 1,
			"blockToSpawn": {
				"block": "minecraft:glowstone"
			},
			"randomizeGenerationAttempts": false,
			"trait": "libraryex:cluster",
			"maximumGenerationHeight": 128,
			"blockToAttachTo": {
				"block": "minecraft:netherrack"
			},
			"direction": "down"
		}, 
		{
			"generationAttempts": 16,
			"generationStage": "decoration",
			"generationProbability": 1.0,
			"minimumGenerationHeight": 10,
			"blockToTarget": {
				"block": "minecraft:netherrack"
			},
			"blockToSpawn": {
				"block": "minecraft:flowing_lava"
			},
			"randomizeGenerationAttempts": false,
			"trait": "libraryex:fluid",
			"maximumGenerationHeight": 118,
			"generateFalling": true
		}, 
		{
			"generationAttempts": 1,
			"generationStage": "plant_decoration",
			"generationProbability": 0.25,
			"minimumGenerationHeight": 1,
			"blockToSpawn": {
				"block": "minecraft:brown_mushroom"
			},
			"blockToTarget": {
				"block": "minecraft:netherrack"
			},
			"randomizeGenerationAttempts": false,
			"trait": "libraryex:scatter",
			"maximumGenerationHeight": 128,
			"placement": "on_ground"
		}, 
		{
			"generationAttempts": 1,
			"generationStage": "plant_decoration",
			"generationProbability": 0.25,
			"minimumGenerationHeight": 1,
			"blockToSpawn": {
				"block": "minecraft:red_mushroom"
			},
			"blockToTarget": {
				"block": "minecraft:netherrack"
			},
			"randomizeGenerationAttempts": false,
			"trait": "libraryex:scatter",
			"maximumGenerationHeight": 128,
			"placement": "on_ground"
		}, 
		{
			"generationAttempts": 16,
			"generationStage": "ore",
			"generationProbability": 1.0,
			"minimumGenerationHeight": 10,
			"veinSize": 14,
			"blockToSpawn": {
				"block": "minecraft:quartz_ore"
			},
			"randomizeGenerationAttempts": false,
			"blockToReplace": {
				"block": "minecraft:netherrack"
			},
			"trait": "libraryex:ore",
			"maximumGenerationHeight": 108
		}, 
		{
			"generationAttempts": 4,
			"generationStage": "ore",
			"generationProbability": 1.0,
			"minimumGenerationHeight": 28,
			"veinSize": 32,
			"blockToSpawn": {
				"block": "minecraft:magma"
			},
			"randomizeGenerationAttempts": false,
			"blockToReplace": {
				"block": "minecraft:netherrack"
			},
			"trait": "libraryex:ore",
			"maximumGenerationHeight": 38
		}, 
		{
			"generationAttempts": 8,
			"generationStage": "ore",
			"generationProbability": 1.0,
			"minimumGenerationHeight": 10,
			"veinSize": 7,
			"blockToSpawn": {
				"block": "netherex:amethyst_ore"
			},
			"randomizeGenerationAttempts": false,
			"blockToReplace": {
				"block": "minecraft:netherrack"
			},
			"trait": "libraryex:ore",
			"maximumGenerationHeight": 108
		}, 
		{
			"generationAttempts": 1,
			"generationStage": "structure",
			"generationProbability": 0.25,
			"structureType": "ground",
			"minimumGenerationHeight": 32,
			"clearancePercentage": 0.75,
			"randomizeGenerationAttempts": false,
			"structures": [
				"netherex:pigtificate_village/tiny_pigtificate_village"
			],
			"trait": "libraryex:structure",
			"maximumGenerationHeight": 118,
			"ignoredBlock": {
				"block": "minecraft:structure_void"
			}
		}
	],
	"subBiomes": []
}