{"stat.cakeSlicesEaten":4,"stat.chestOpened":8,"stat.walkOneCm":66123,"stat.leaveGame":3,"stat.pickup.byg.orange_amaranth":1,"stat.craftItem.minecraft.crafting_table":2,"stat.furnaceInteraction":1,"stat.pickup.iceandfire.armor_red_helmet":1,"stat.entityKilledBy.grimoireofgaia.siren":3,"stat.pickup.minecraft.log":6,"stat.useItem.minecraft.cooked_fish":1,"stat.jump":337,"stat.swimOneCm":1120,"stat.fallOneCm":13507,"stat.pickup.minecraft.stone":2,"stat.useItem.vanillafoodpantry.bowl_water":3,"stat.crouchOneCm":390,"stat.drop.byg.cyan_amaranth":4,"stat.useItem.minecraft.cookie":3,"stat.pickup.minecraft.dirt":9,"stat.useItem.minecraft.dirt":1,"stat.sprintOneCm":32582,"stat.useItem.minecraft.stone_slab2":10,"stat.craftItem.minecraft.stick":8,"stat.craftingTableInteraction":2,"stat.pickup.byg.purple_amaranth":3,"stat.pickup.mowziesmobs.wrought_helmet":1,"stat.drop.byg.purple_amaranth":2,"stat.useItem.minecraft.golden_sword":4,"jengu.kill":1,"stat.craftItem.minecraft.planks":24,"stat.pickup.vanillafoodpantry.bowl_water":4,"stat.killEntity.mocreatures:goat":1,"stat.pickup.byg.cyan_amaranth":9,"stat.damageTaken":951,"stat.pickup.iceandfire.armor_red_chestplate":1,"stat.useItem.minecraft.wooden_pickaxe":33,"stat.mobKills":2,"stat.pickup.minecraft.cobblestone":18,"stat.craftItem.minecraft.wooden_sword":1,"stat.mineBlock.minecraft.log":6,"stat.useItem.byg.cyan_amaranth":3,"stat.pickup.lycanitesmobs.aquapulsecharge":1,"stat.flyOneCm":24396,"stat.deaths":3,"stat.drop":6,"stat.playOneMinute":20073,"stat.useItem.minecraft.wooden_sword":8,"stat.pickup.minecraft.torch":1,"stat.sneakTime":360,"stat.damageDealt":636,"stat.pickup.byg.amaranth":1,"stat.pickup.ebwizardry.advanced_wand":1,"stat.sleepInBed":1,"stat.timeSinceDeath":12422,"stat.mineBlock.minecraft.dirt":10,"stat.craftItem.minecraft.wooden_pickaxe":1,"stat.mineBlock.minecraft.stone":22,"stat.mineBlock.minecraft.tallgrass":1,"stat.diveOneCm":209,"stat.pickup.minecraft.mutton":2}