{"stat.useItem.minecraft.quartz_block":2,"stat.leaveGame":9,"darkling.kill":1,"stat.pickup.toughasnails.purified_water_bottle":1,"stat.useItem.harvestcraft.calamaricookeditem":1,"stat.pickup.tombstone.familiar_stone":3,"stat.pickup.ebwizardry.spell_book":13,"stat.pickup.megaloot.armor_boots":1,"stat.killEntity.PigZombie":8,"stat.mineBlock.minecraft.web":3,"stat.craftItem.harvestcraft.calamaricookeditem":9,"stat.drop.minecraft.feather":3,"stat.pickup.harvestcraft.calamarirawitem":9,"stat.pickup.toughasnails.wool_chestplate":2,"stat.pickup.minecraft.rotten_flesh":154,"stat.useItem.minecraft.diamond_hoe":6,"stat.pickup.mod_lavacow.parasite_item":2,"stat.drop.locks.iron_lock_pick":2,"stat.pickup.harvestcraft.catfishrawitem":1,"stat.drop.megaloot.weaponbow":2,"stat.pickup.iceandfire.witherbone":3,"stat.pickup.minecraft.leather_boots":1,"stat.pickup.netherex.wither_bone":9,"stat.drop.sereneseasons.season_clock":1,"stat.pickup.minecraft.brown_mushroom":6,"stat.drop.mod_lavacow.intestine":3,"stat.drop.ebwizardry.spell_book":2,"stat.pickup.mod_lavacow.intestine":11,"stat.mineBlock.minecraft.vine":10,"stat.furnaceInteraction":257,"stat.killEntity.mocreatures:crab":2,"stat.killEntity.toroquest_orc":10,"stat.pickup.iceandfire.manuscript":1,"stat.killEntity.mod_lavacow.mimic":1,"stat.pickup.ebwizardry.arcane_tome":1,"stat.pickup.lycanitesmobs.spectralboltcharge":4,"stat.pickup.exoticbirds.pigeon_egg":1,"stat.pickup.minecraft.leather_helmet":2,"stat.pickup.mowziesmobs.wrought_helmet":1,"stat.mineBlock.vanillafoodpantry.natron_ore":1,"stat.drop.byg.scoria":29,"stat.craftItem.toughasnails.purified_water_bottle":12,"stat.pickup.minecraft.potion":9,"stat.useItem.minecraft.flint_and_steel":5,"stat.drop.minecraft.cooked_fish":1,"stat.killEntity.Husk":3,"stat.pickup.minecraft.emerald":14,"stat.useItem.minecraft.dye":4,"stat.pickup.lycanitesmobs.raw_krake_meat":4,"stat.pickup.lycanitesmobs.raw_chupacabra_meat":15,"stat.deaths":2,"stat.killEntity.Rifted_Enderman":1,"stat.pickup.minecraft.bowl":2,"stat.pickup.lycanitesmobs.geistliver":4,"stat.drop.exoticbirds.cardinal_egg":3,"stat.pickup.ebwizardry.advanced_wand":60,"stat.drop.minecraft.glass_bottle":4,"stat.fishCaught":1,"stat.craftItem.minecraft.cooked_mutton":1,"stat.mineBlock.minecraft.tallgrass":6,"stat.chestOpened":552,"stat.craftItem.minecraft.mushroom_stew":1,"stat.drop.toughasnails.purified_water_bottle":1,"stat.pickup.lycanitesmobs.darklingskull":1,"stat.useItem.minecraft.stone":5,"stat.drop.megaloot.armor_boots":1,"stat.pickup.minecraft.arrow":120,"stat.pickup.minecraft.wooden_pressure_plate":2,"stat.pickup.minecraft.gold_nugget":10,"stat.craftItem.minecraft.coal":16,"geist.kill":8,"stat.useItem.mocreatures.crabcooked":1,"stat.useItem.tombstone.fishing_rod_of_misadventure":20,"stat.pickup.minecraft.carrot":1,"stat.pickup.treasure2.silver_coin":1,"stat.pickup.lycanitesmobs.doomfireballcharge":4,"stat.useItem.tombstone.tablet_of_cupidity":1,"stat.crouchOneCm":11106,"stat.useItem.mod_lavacow.mimic_claw_cooked":1,"stat.craftingTableInteraction":12,"stat.mineBlock.minecraft.wooden_pressure_plate":1,"stat.drop.byg.soapstone":1,"stat.useItem.minecraft.reeds":9,"stat.pickup.ebwizardry.identification_scroll":3,"stat.pickup.minecraft.dye":85,"chupacabra.kill":11,"stat.pickup.minecraft.planks":1,"stat.useItem.harvestcraft.lettuceitem":1,"stat.pickup.minecraft.wheat_seeds":6,"stat.craftItem.locks.iron_lock_pick":2,"stat.pickup.minecraft.ice":3,"stat.mineBlock.minecraft.dirt":75,"stat.pickup.toughasnails.ice_cube":1,"stat.useItem.jjskill.bottle_skill_exp":30,"stat.useItem.minecraft.bread":3,"stat.drop.minecraft.rotten_flesh":2,"stat.useItem.minecraft.cobblestone":149,"stat.useItem.lycanitesmobs.cooked_krake_meat":1,"stat.pickup.toroquest.artifact_red":1,"stat.useItem.harvestcraft.sweetpotatoitem":1,"stat.pickup.toroquest.artifact_green":2,"stat.craftItem.minecraft.gold_ingot":10,"stat.pickup.minecraft.tipped_arrow":1,"stat.craftItem.minecraft.bucket":1,"stat.craftItem.minecraft.planks":8,"stat.itemEnchanted":1,"stat.pickup.minecraft.stone_sword":2,"stat.mineBlock.minecraft.log":44,"stat.pickup.megaloot.tool_axe":1,"stat.useItem.carryon.entity_item":1,"stat.pickup.ancientspellcraft.devoritium_ore":2,"stat.drop.minecraft.leather_leggings":2,"stat.useItem.harvestcraft.elderberryitem":1,"stat.pickup.minecraft.wool":3,"stat.pickup.minecraft.cooked_fish":42,"stat.cakeSlicesEaten":2,"stat.pickup.minecraft.tripwire_hook":1,"stat.craftItem.minecraft.diamond_leggings":1,"stat.pickup.mysticalworld.silk_cocoon":1,"stat.mineBlock.minecraft.cobblestone":71,"stat.useItem.vanillafoodpantry.horse_cooked":5,"stat.pickup.minecraft.flint":2,"stat.drop.spartanweaponry.rapier_iron":1,"stat.pickup.minecraft.leather_chestplate":3,"stat.pickup.spartanshields.shield_basic_iron":3,"stat.drop.minecraft.cobblestone":4,"stat.pickup.mysticalworld.raw_squid":9,"stat.useItem.harvestcraft.tomatoitem":3,"stat.useItem.minecraft.cookie":1,"stat.useItem.minecraft.stone_slab2":64,"stat.pickup.minecraft.bow":6,"stat.pickup.minecraft.iron_boots":4,"stat.pickup.artifacts.lucky_clover":1,"stat.craftItem.minecraft.furnace":1,"stat.pickup.minecraft.golden_axe":1,"stat.killEntity.mocreatures:goat":1,"stat.mineBlock.minecraft.obsidian":3,"stat.pickup.minecraft.shears":1,"stat.drop.ebwizardry.advanced_wand":1,"stat.pickup.minecraft.diamond_leggings":3,"stat.flyOneCm":824111,"stat.drop.minecraft.iron_helmet":1,"stat.pickup.minecraft.fish":21,"stat.craftItem.toughasnails.campfire":1,"stat.pickup.rustic.slate":8,"stat.timeSinceDeath":115162,"stat.drop.harvestcraft.calamaricookeditem":3,"stat.drop.minecraft.spider_eye":2,"stat.craftItem.ebwizardry.magic_crystal":4,"stat.killEntity.mod_lavacow.parasite":23,"stat.pickup.harvestcraft.whitemushroomitem":14,"stat.pickup.travelersbackpack.travelers_backpack":56,"stat.pickup.harvestcraft.beanitem":3,"stat.useItem.minecraft.potato":16,"stat.pickup.minecraft.chainmail_helmet":1,"stat.pickup.minecraft.nether_wart":4,"stat.pickup.treasure2.diamond_charm":1,"stat.mineBlock.minecraft.coal_ore":158,"stat.pickup.minecraft.shield":18,"stat.killEntity.Creeper":1,"stat.talkedToVillager":13,"stat.drop.treasure2.silver_bracelet":1,"stat.pickup.minecraft.string":95,"stat.mineBlock.minecraft.ladder":1,"grue.kill":1,"stat.pickup.tombstone.crafting_ingredient":30,"stat.killEntity.Squid":8,"stat.sprintOneCm":1016137,"stat.useItem.tombstone.magic_scroll":8,"stat.useItem.carryon.tile_item":9,"stat.useItem.mod_lavacow.piranha_cooked":1,"stat.mineBlock.minecraft.diamond_ore":15,"stat.mineBlock.harvestcraft.pamapple":1,"stat.waystones:waystonesActivated":2,"stat.pickup.minecraft.leather_leggings":6,"stat.pickup.harvestcraft.mustardseedsitem":1,"stat.pickup.mocreatures.crabraw":1,"stat.pickup.ebwizardry.ruined_spell_book":3,"stat.killEntity.Zombie":120,"stat.craftItem.minecraft.dye":6,"stat.pickup.minecraft.snowball":4,"stat.mineBlock.minecraft.gold_ore":10,"stat.craftItem.forge.bucketfilled":17,"stat.diveOneCm":72448,"stat.drop.minecraft.diamond_pickaxe":1,"stat.pickup.minecraft.wheat":3,"stat.useItem.vanillafoodpantry.wolf_cooked":2,"abaia.kill":1,"stat.pickup.minecraft.obsidian":3,"stat.craftItem.vanillafoodpantry.bowl_water":16,"stat.jump":5205,"stat.pickup.minecraft.coal":198,"stat.useItem.megaloot.tool_shovel":140,"stat.pickup.minecraft.iron_ingot":5,"stat.pickup.megaloot.weaponcase_epic":1,"stat.drop.minecraft.diamond_sword":1,"stat.pickup.minecraft.dirt":73,"stat.pickup.treasure2.gold_charm":1,"stat.drop.megaloot.tool_shovel":2,"stat.pickup.tombstone.fishing_rod_of_misadventure":5,"roc.kill":3,"stat.pickup.lycanitesmobs.poisongland":4,"reaper.kill":3,"stat.pickup.minecraft.gold_ore":10,"stat.mineBlock.minecraft.lapis_ore":10,"stat.pickup.toroquest.bandit_helmet":18,"stat.mineBlock.ancientspellcraft.devoritium_ore":2,"stat.useItem.mysticalworld.cooked_squid":7,"stat.pickup.minecraft.iron_axe":1,"stat.pickup.minecraft.cookie":1,"stat.brewingstandInteraction":1,"stat.damageTaken":9127,"stat.mineBlock.minecraft.torch":6,"stat.pickup.minecraft.ender_eye":1,"stat.pickup.ebwizardry.crystal_flower":2,"stat.pickup.minecraft.bed":1,"stat.craftItem.mod_lavacow.mimic_claw_cooked":1,"stat.pickup.minecraft.quartz_block":5,"stat.pickup.minecraft.potato":34,"stat.useItem.forge.bucketfilled":1,"stat.pickup.harvestcraft.carprawitem":1,"stat.pickup.lycanitesmobs.soulstone_aquatic":1,"stat.pickup.harvestcraft.lettuceitem":1,"stat.killEntity.Silverfish":3,"stat.drop.mysticalworld.cooked_squid":1,"stat.animalsBred":1,"stat.drop.minecraft.wheat":1,"stat.pickup.minecraft.diamond_pickaxe":4,"stat.useItem.minecraft.lava_bucket":1,"stat.pickup.spartanweaponry.club_studded":1,"stat.pickup.megaloot.weaponbow":2,"stat.pickup.mod_lavacow.mimic_claw":1,"stat.pickup.megaloot.weaponcase_common":1,"stat.useItem.minecraft.melon":1,"stat.useItem.megaloot.tool_axe":43,"stat.pickup.vanillafoodpantry.small_bone":2,"stat.useItem.tombstone.gift":1,"stat.pickup.wolfarmor.diamond_wolf_armor":1,"stat.pickup.harvestcraft.spiceleafitem":1,"stat.pickup.harvestcraft.troutrawitem":1,"stat.pickup.minecraft.ender_pearl":8,"stat.pickup.minecraft.ladder":3,"stat.pickup.minecraft.cooked_beef":5,"stat.killEntity.Stray":1,"stat.mineBlock.mysticalworld.amethyst_ore":1,"stat.mineBlock.minecraft.stonebrick":19,"stat.mineBlock.byg.soapstone":29,"stat.useItem.harvestcraft.parsnipitem":2,"stat.pickup.sereneseasons.season_clock":1,"stat.pickup.harvestcraft.cucumberitem":1,"stat.mobKills":543,"stat.pickup.minecraft.diamond_boots":6,"stat.pickup.minecraft.diamond":13,"stat.pickup.minecraft.torch":46,"stat.killEntity.ebwizardry:remnant":1,"stat.drop.minecraft.arrow":2,"stat.useItem.minecraft.string":1,"stat.drop.vanillafoodpantry.natron_crystals":1,"stat.mineBlock.ebwizardry.crystal_flower":2,"stat.useItem.lycanitesmobs.cooked_chupacabra_meat":2,"stat.drop.minecraft.shield":1,"stat.pickup.mod_lavacow.cursed_fabric":2,"stat.useItem.minecraft.planks":1,"stat.pickup.minecraft.golden_boots":1,"stat.pickup.megaloot.weaponsword":5,"stat.drop.treasure2.thiefs_lock_pick":1,"stat.pickup.spartanshields.shield_basic_wood":1,"stat.drop.ebwizardry.magic_crystal":1,"stat.useItem.minecraft.water_bucket":42,"stat.drop.travelersbackpack.travelers_backpack":1,"stat.mineBlock.minecraft.stone_brick_stairs":1,"stat.pickup.minecraft.sand":47,"stat.pickup.minecraft.splash_potion":2,"stat.pickup.harvestcraft.sweetpotatoitem":3,"stat.pickup.minecraft.name_tag":1,"stat.useItem.lycanitesmobs.lapis_fish_and_chips":2,"stat.pickup.lycanitesmobs.aquapulsecharge":6,"stat.drop.megaloot.tool_axe":1,"stat.pickup.ebwizardry.spectral_dust":5,"stat.useItem.minecraft.ender_pearl":2,"stat.pickup.minecraft.chainmail_chestplate":3,"stat.mineBlock.minecraft.sand":48,"stat.mineBlock.byg.scoria":151,"stat.craftItem.minecraft.cooked_fish":39,"stat.pickup.vanillafoodpantry.wolf_raw":5,"stat.pickup.jjskill.sharp_dagger":1,"stat.trappedChestTriggered":5,"stat.pickup.treasure2.silver_bracelet":2,"stat.drop.toughasnails.charcoal_filter":1,"stat.useItem.harvestcraft.leekitem":1,"stat.pickup.harvestcraft.turnipitem":12,"stat.craftItem.vanillafoodpantry.horse_cooked":8,"stat.useItem.minecraft.cooked_mutton":4,"stat.pickup.minecraft.furnace":1,"stat.mineBlock.harvestcraft.windygarden":1,"stat.pickup.vanillafoodpantry.horse_raw":8,"stat.pickup.minecraft.iron_chestplate":8,"stat.pickup.tombstone.magic_scroll":11,"stat.useItem.harvestcraft.blackberryitem":1,"stat.useItem.megaloot.weaponsword":320,"stat.killEntity.Horse":5,"stat.pickup.minecraft.stone_stairs":10,"stat.craftItem.toughasnails.canteen":2,"stat.pickup.treasure2.wood_chest":1,"stat.drop.megaloot.armor_leggings":1,"stat.pickup.minecraft.saddle":2,"stat.useItem.harvestcraft.beanitem":1,"stat.pickup.megaloot.armor_leggings":1,"stat.playOneMinute":654018,"stat.drop.minecraft.string":1,"stat.pickup.megaloot.armor_helmet":1,"stat.pickup.minecraft.iron_bars":6,"stat.pickup.toughasnails.canteen":3,"stat.killEntity.salmon":3,"stat.mineBlock.minecraft.ice":2,"stat.pickup.spartanweaponry.battleaxe_iron":1,"stat.mineBlock.rustic.slate":7,"stat.killEntity.toroquest_sentry":20,"stat.craftItem.minecraft.iron_nugget":18,"stat.useItem.minecraft.experience_bottle":3,"stat.fallOneCm":138418,"stat.craftItem.minecraft.chest":1,"stat.pickup.minecraft.golden_leggings":1,"stat.craftItem.mysticalworld.fish_and_chips":10,"jengu.kill":1,"stat.craftItem.treasure2.treasure_tool":1,"arix.kill":1,"stat.pickup.minecraft.feather":10,"stat.drop.minecraft.bone":3,"gnekk.kill":1,"stat.pickup.vanillafoodpantry.animal_hide_tie":1,"stat.craftItem.vanillafoodpantry.wolf_cooked":5,"stat.mineBlock.minecraft.gravel":19,"stat.pickup.vanillafoodpantry.red_flint":2,"stat.useItem.minecraft.wool":2,"stat.pickup.vanillafoodpantry.horse_sweat":1,"stat.pickup.minecraft.chainmail_boots":3,"stat.useItem.minecraft.iron_bars":1,"stat.pickup.megaloot.weaponcase_rare":1,"stat.pickup.minecraft.flint_and_steel":3,"stat.useItem.minecraft.torch":223,"stat.useItem.minecraft.log":2,"stat.mineBlock.treasure2.wood_chest":1,"stat.mineBlock.ebwizardry.crystal_ore":17,"stat.mineBlock.minecraft.emerald_ore":7,"stat.pickup.minecraft.log":38,"stat.useItem.minecraft.cooked_fish":1,"stat.pickup.minecraft.chainmail_leggings":4,"stat.craftItem.treasure2.thiefs_lock_pick":1,"stat.killEntity.ancientspellcraft:skeleton_mage":4,"stat.pickup.harvestcraft.parsnipitem":2,"stat.drop.megaloot.armor_helmet":1,"stat.craftItem.lycanitesmobs.cooked_chupacabra_meat":2,"stat.pickup.minecraft.diamond_helmet":1,"stat.killEntity.WitherSkeleton":11,"stat.sneakTime":13107,"stat.pickup.harvestcraft.tealeafitem":1,"stat.pickup.rustic.chili_pepper_seeds":1,"stat.useItem.minecraft.baked_potato":4,"stat.drop.vanillafoodpantry.bowl_water":4,"stat.useItem.minecraft.beetroot":3,"stat.craftItem.minecraft.diamond_chestplate":1,"stat.craftItem.mocreatures.crabcooked":1,"stat.pickup.minecraft.bone":157,"stat.useItem.minecraft.mushroom_stew":1,"stat.horseOneCm":45936,"stat.killEntity.ancientspellcraft:wolf_minion":2,"stat.pickup.megaloot.tool_shovel":4,"stat.pickup.jjskill.fatal_bow":1,"stat.mineBlock.minecraft.brown_mushroom":3,"stat.useItem.minecraft.diamond_sword":355,"stat.useItem.mysticalworld.fish_and_chips":2,"stat.swimOneCm":217659,"stat.climbOneCm":20726,"trite.kill":3,"stat.useItem.minecraft.dirt":48,"stat.pickup.minecraft.golden_helmet":1,"stat.useItem.locks.iron_lock_pick":8,"stat.pickup.spartanweaponry.rapier_iron":1,"stat.pickup.jjskill.curved_bow":1,"stat.pickup.exoticbirds.cardinal_egg":4,"stat.pickup.minecraft.cobblestone":393,"stat.mineBlock.minecraft.carpet":1,"stat.pickup.minecraft.glass_bottle":8,"stat.drop.minecraft.wheat_seeds":3,"stat.useItem.harvestcraft.whitemushroomitem":1,"stat.useItem.minecraft.cooked_beef":2,"stat.drop.minecraft.clay_ball":2,"stat.pickup.harvestcraft.leekitem":1,"stat.pickup.minecraft.redstone":8,"stat.mineBlock.minecraft.iron_ore":2,"stat.drop.vanillafoodpantry.wolf_cooked":2,"stat.pickup.minecraft.mutton":3,"stat.pickup.minecraft.mossy_cobblestone":2,"stat.mineBlock.minecraft.coal_block":1,"stat.pickup.minecraft.stonebrick":14,"stat.useItem.exoticbirds.pigeon_egg":1,"krake.kill":1,"stat.pickup.ebwizardry.magic_crystal":35,"stat.pickup.minecraft.iron_shovel":1,"stat.pickup.minecraft.carpet":1,"stat.pickup.ebwizardry.smoke_bomb":1,"stat.pickup.vanillafoodpantry.natron_crystals":1,"stat.craftItem.lycanitesmobs.cooked_krake_meat":1,"stat.pickup.harvestcraft.mudfishrawitem":1,"stat.craftItem.minecraft.stone_slab2":0,"stat.pickup.spartanweaponry.saber_stone":2,"stat.useItem.harvestcraft.cucumberitem":1,"stat.craftItem.minecraft.stick":8,"stat.drop.minecraft.potion":2,"stat.mineBlock.mysticalworld.granite_quartz_ore":1,"stat.craftItem.minecraft.stone":1,"stat.drop.ancientspellcraft.ancient_spellcraft_scroll":1,"stat.useItem.minecraft.diamond_pickaxe":962,"stat.mineBlock.minecraft.quartz_block":23,"stat.pickup.minecraft.golden_horse_armor":3,"stat.drop.tombstone.fishing_rod_of_misadventure":3,"stat.useItem.harvestcraft.turnipitem":1,"stat.pickup.minecraft.diamond_chestplate":4,"stat.drop.megaloot.weaponsword":3,"stat.mineBlock.minecraft.planks":1,"stat.drop":129,"stat.useItem.vanillafoodpantry.water_bottle":2,"stat.drop.treasure2.diamond_charm":1,"stat.killEntity.Sheep":3,"stat.pickup.minecraft.slime_ball":6,"stat.pickup.minecraft.golden_chestplate":1,"stat.pickup.artifacts.bottled_cloud":1,"stat.craftItem.mysticalworld.cooked_squid":8,"stat.pickup.harvestcraft.anchovyrawitem":1,"stat.killEntity.cod":3,"stat.drop.mod_lavacow.sharptooth":1,"stat.pickup.minecraft.gravel":17,"stat.drop.solcarrot.food_book":1,"stat.useItem.minecraft.glass_bottle":17,"stat.drop.minecraft.cooked_beef":3,"stat.pickup.toughasnails.charcoal_filter":13,"stat.useItem.minecraft.apple":1,"stat.pickup.mod_lavacow.piranha_cooked":1,"stat.useItem.minecraft.potion":6,"stat.pickup.minecraft.diamond_sword":6,"stat.pickup.harvestcraft.blackberryitem":3,"stat.pickup.byg.soapstone":22,"stat.pickup.minecraft.iron_helmet":7,"stat.pickup.harvestcraft.peanutitem":1,"stat.pickup.minecraft.spider_eye":41,"stat.pickup.byg.scoria":135,"stat.pickup.minecraft.iron_ore":2,"stat.pickup.vanillafoodpantry.horse_tear":1,"stat.craftItem.solcarrot.food_book":1,"stat.mineBlock.minecraft.iron_bars":12,"stat.craftItem.minecraft.flint_and_steel":1,"stat.useItem.byg.scoria":26,"stat.useItem.locks.gold_lock_pick":1,"stat.mineBlock.minecraft.stone_stairs":13,"stat.pickup.minecraft.leather":30,"stat.mineBlock.minecraft.furnace":1,"stat.drop.toroquest.bandit_helmet":4,"stat.pickup.minecraft.reeds":19,"stat.pickup.jjskill.giantses_sword":1,"stat.killEntity.CaveSpider":9,"tombstone:undead_killed":265,"stat.useItem.tombstone.grave_key":1,"stat.damageDealt":51625,"stat.craftItem.minecraft.glass":18,"stat.sleepInBed":15,"stat.craftItem.minecraft.baked_potato":37,"stat.killEntity.Cow":7,"stat.pickup.mysticalworld.amethyst_gem":1,"stat.pickup.harvestcraft.elderberryitem":1,"stat.walkOneCm":1216235,"stat.pickup.jjskill.bottle_skill_exp":29,"stat.pickup.minecraft.clay_ball":2,"stat.drop.treasure2.silver_coin":7,"stat.craftItem.minecraft.diamond_boots":3,"stat.pickup.minecraft.stone":46,"stat.useItem.vanillafoodpantry.bowl_water":45,"stat.pickup.harvestcraft.zucchiniitem":6,"stat.mineBlock.minecraft.packed_ice":7,"stat.pickup.minecraft.chorus_fruit":1,"abtu.kill":1,"stat.pickup.minecraft.gold_ingot":1,"stat.killEntity.Skeleton":103,"stat.pickup.mod_lavacow.sharptooth":1,"stat.killEntity.ebwizardry:spirit_wolf":3,"stat.drop.minecraft.chainmail_boots":1,"stat.killEntity.Spider":91,"stat.pickup.minecraft.quartz":1,"stat.pickup.lycanitesmobs.icefireballcharge":2,"belph.kill":2,"stat.mineBlock.minecraft.leaves":1,"stat.pickup.vanillafoodpantry.ink_pearl_shard":2,"stat.mineBlock.minecraft.redstone_ore":1,"spectre.kill":3,"stat.mineBlock.minecraft.stone":378}