{"stat.useItem.minecraft.painting":2,"stat.pickup.exoticbirds.bluejay_egg":3,"stat.leaveGame":8,"stat.pickup.byg.pinkanemone":44,"stat.mineBlock.ebwizardry.crystal_flower":10,"stat.pickup.lycanitesmobs.cooked_krake_meat":1,"stat.useItem.lycanitesmobs.cooked_chupacabra_meat":4,"stat.pickup.ebwizardry.spell_book":3,"stat.pickup.minecraft.fishing_rod":1,"stat.useItem.minecraft.planks":1,"stat.pickup.minecraft.glowstone_dust":6,"stat.pickup.minecraft.glass":22,"stat.pickup.megaloot.weaponsword":1,"stat.pickup.lycanitesmobs.cooked_chupacabra_meat":2,"stat.mineBlock.minecraft.stone_brick_stairs":1,"stat.pickup.minecraft.rotten_flesh":14,"stat.pickup.minecraft.sand":38,"stat.pickup.minecraft.splash_potion":2,"stat.pickup.minecraft.name_tag":1,"stat.pickup.minecraft.leather_boots":6,"stat.pickup.minecraft.chainmail_chestplate":1,"stat.pickup.minecraft.brown_mushroom":5,"stat.drop.mod_lavacow.intestine":1,"stat.mineBlock.minecraft.sand":21,"stat.craftItem.minecraft.cooked_fish":19,"stat.killEntity.mocreatures:deer":3,"stat.useItem.minecraft.iron_pickaxe":160,"stat.pickup.minecraft.ghast_tear":1,"stat.pickup.lycanitesmobs.cooked_bobeko_meat":1,"stat.useItem.ebwizardry.magic_wand":2,"stat.killEntity.exoticbirds.lyrebird":2,"stat.furnaceInteraction":103,"stat.killEntity.mocreatures:crab":1,"stat.craftItem.vanillafoodpantry.horse_cooked":3,"stat.pickup.minecraft.beef":6,"stat.useItem.minecraft.cooked_mutton":15,"stat.killEntity.mocreatures:duck":2,"stat.pickup.vanillafoodpantry.horse_raw":3,"stat.craftItem.travelersbackpack.travelers_backpack":2,"stat.pickup.minecraft.leather_helmet":1,"stat.killEntity.exoticbirds.kiwi":1,"stat.pickup.minecraft.iron_chestplate":2,"stat.killEntity.exoticbirds.duck":1,"stat.pickup.minecraft.skull":1,"stat.pickup.tombstone.magic_scroll":1,"stat.mineBlock.vanillafoodpantry.natron_ore":1,"stat.useItem.megaloot.weaponsword":16,"stat.pickup.tombstone.gift":1,"stat.mineBlock.minecraft.fence":1,"stat.pickup.tombstone.scroll_buff":2,"stat.drop.minecraft.cooked_fish":1,"stat.pickup.minecraft.saddle":1,"stat.pickup.minecraft.emerald":2,"stat.useItem.lycanitesmobs.cooked_silex_meat":4,"stat.pickup.harvestcraft.tilapiarawitem":1,"stat.pickup.lycanitesmobs.raw_chupacabra_meat":5,"stat.deaths":3,"stat.playOneMinute":673296,"stat.craftItem.minecraft.wooden_shovel":1,"stat.killEntity.cqr_skeleton":3,"stat.craftItem.minecraft.iron_pickaxe":1,"stat.pickup.megaloot.armor_helmet":1,"stat.mineBlock.minecraft.tallgrass":22,"stat.craftItem.minecraft.cooked_mutton":33,"stat.fishCaught":1,"stat.pickup.minecraft.cooked_mutton":2,"stat.chestOpened":105,"stat.useItem.minecraft.splash_potion":1,"stat.useItem.minecraft.cooked_rabbit":1,"stat.killEntity.entity_owl":1,"stat.craftItem.reforged.iron_battleaxe":1,"stat.useItem.minecraft.fish":1,"stat.pickup.spartanweaponry.battleaxe_stone":1,"stat.pickup.minecraft.iron_sword":1,"stat.pickup.minecraft.arrow":15,"stat.killEntity.salmon":1,"stat.mineBlock.rustic.slate":1,"geist.kill":1,"stat.killEntity.toroquest_sentry":1,"stat.useItem.mocreatures.crabcooked":1,"stat.pickup.minecraft.cooked_chicken":2,"stat.fallOneCm":87339,"stat.pickup.minecraft.carrot":3,"stat.crouchOneCm":9887,"stat.mineBlock.minecraft.chest":2,"stat.pickup.minecraft.rail":6,"stat.craftItem.exoticbirds.cooked_birdmeat":12,"stat.craftItem.minecraft.chest":3,"stat.craftItem.minecraft.iron_ingot":48,"stat.drop.minecraft.book":7,"stat.pickup.minecraft.painting":3,"stat.pickup.minecraft.melon":2,"stat.craftingTableInteraction":41,"stat.craftItem.byg.cookedspidereye":2,"stat.useItem.heroicarmory.rsironsword":116,"jengu.kill":1,"arix.kill":1,"stat.mineBlock.minecraft.log2":2,"stat.pickup.minecraft.feather":13,"stat.pickup.minecraft.dye":8,"stat.pickup.minecraft.planks":57,"stat.pickup.minecraft.wheat_seeds":1,"stat.pickup.mocreatures.duckraw":2,"stat.useItem.minecraft.stone_pickaxe":48,"stat.pickup.farlanders.endumium_crystal":9,"stat.pickup.minecraft.ice":10,"stat.mineBlock.minecraft.dirt":9,"stat.useItem.jjskill.bottle_skill_exp":1,"stat.useItem.minecraft.bread":4,"stat.useItem.minecraft.torch":11,"stat.craftItem.mysticalworld.silk_thread":2,"stat.useItem.minecraft.cobblestone":6,"stat.useItem.lycanitesmobs.cooked_krake_meat":1,"stat.useItem.minecraft.gravel":1,"stat.mineBlock.minecraft.double_plant":1,"stat.pickup.mocreatures.venisonraw":2,"stat.pickup.minecraft.log":59,"stat.useItem.minecraft.cooked_fish":15,"stat.pickup.minecraft.iron_pickaxe":1,"stat.pickup.exoticbirds.lyrebird_egg":2,"stat.pickup.minecraft.tipped_arrow":1,"stat.pickup.minecraft.sapling":9,"stat.drop.minecraft.fish":2,"stat.drop.megaloot.armor_helmet":1,"stat.useItem.minecraft.iron_sword":151,"stat.craftItem.minecraft.planks":32,"stat.pickup.spartanweaponry.spear_iron":1,"stat.craftItem.lycanitesmobs.cooked_chupacabra_meat":2,"stat.pickup.minecraft.stone_sword":1,"stat.craftItem.minecolonies.supplychestdeployer":1,"stat.pickup.minecraft.book":13,"stat.useItem.minecraft.stonebrick":1,"stat.mineBlock.minecraft.log":60,"stat.craftItem.minecraft.cooked_chicken":2,"stat.craftItem.minecraft.flower_pot":4,"stat.pickup.treasure2.wood_key":2,"stat.pickup.minecraft.red_flower":19,"stat.sneakTime":8712,"stat.pickup.rustic.chili_pepper_seeds":6,"stat.pickup.minecraft.wool":13,"stat.mineBlock.byg.purplesage":8,"stat.useItem.minecraft.baked_potato":1,"stat.pickup.minecraft.cooked_fish":8,"stat.useItem.minecraft.wooden_axe":20,"stat.useItem.minecraft.fishing_rod":37,"stat.pickup.minecraft.chest":2,"stat.cakeSlicesEaten":1,"stat.drop.minecraft.stone_pickaxe":1,"stat.useItem.exoticbirds.birdmeat":2,"stat.craftItem.mocreatures.crabcooked":1,"stat.pickup.minecraft.bone":27,"stat.killEntity.exoticbirds.flamingo":4,"stat.useItem.harvestcraft.garlicitem":1,"stat.pickup.exoticbirds.cooked_birdmeat":11,"stat.pickup.mysticalworld.silk_cocoon":6,"stat.mineBlock.minecraft.cobblestone":1,"stat.useItem.byg.cookedspidereye":2,"stat.pickup.minecraft.stone_pickaxe":1,"stat.useItem.vanillafoodpantry.horse_cooked":3,"stat.mineBlock.minecraft.brown_mushroom":1,"stat.pickup.mysticalworld.fish_and_chips":4,"stat.pickup.artifacts.drinking_hat":1,"stat.useItem.minecraft.diamond_sword":48,"stat.craftItem.minecraft.wool":25,"stat.pickup.minecraft.flower_pot":2,"stat.pickup.davincisvessels.marker":1,"stat.swimOneCm":98984,"stat.climbOneCm":27079,"stat.drop.exoticbirds.cooked_birdmeat":1,"stat.pickup.minecraft.enchanted_book":1,"stat.pickup.minecraft.cooked_porkchop":4,"stat.useItem.minecraft.dirt":1,"stat.useItem.minecraft.stone_slab2":25,"stat.pickup.minecraft.iron_boots":3,"stat.pickup.minecraft.cooked_rabbit":1,"stat.pickup.minecraft.golden_axe":1,"stat.craftItem.mocreatures.duckcooked":2,"stat.killEntity.artifacts.mimic":1,"stat.craftItem.minecraft.spruce_boat":5,"stat.pickup.minecraft.pumpkin_pie":1,"stat.pickup.mysticalworld.silkworm_egg":5,"stat.useItem.exoticbirds.cooked_birdmeat":15,"stat.useItem.lycanitesmobs.cooked_bobeko_meat":1,"stat.craftItem.minecraft.cooked_beef":19,"stat.pickup.minecraft.cobblestone":24,"stat.flyOneCm":212580,"stat.useItem.spartanweaponry.battleaxe_stone":6,"stat.pickup.minecraft.fish":4,"stat.pickup.rustic.slate":1,"stat.useItem.minecraft.cooked_beef":8,"stat.drop.minecraft.chainmail_chestplate":1,"stat.mineBlock.minecraft.iron_ore":71,"stat.timeSinceDeath":115960,"stat.craftItem.mysticalworld.cooked_carrot":3,"stat.pickup.ancientspellcraft.ancient_spellcraft_spell_book":1,"stat.drop.rustic.chili_pepper_seeds":2,"stat.pickup.minecraft.mutton":4,"stat.drop.minecolonies.supplychestdeployer":1,"stat.pickup.travelersbackpack.travelers_backpack":5,"stat.pickup.minecraft.chainmail_helmet":1,"stat.pickup.minecraft.stonebrick":2,"stat.pickup.ebwizardry.magic_crystal":12,"stat.useItem.minecraft.cooked_porkchop":6,"stat.pickup.lycanitesmobs.whirlwindcharge":2,"stat.mineBlock.minecraft.coal_ore":90,"stat.mineBlock.mysticalworld.copper_ore":3,"stat.pickup.minecraft.shield":1,"stat.pickup.minecraft.wooden_sword":1,"stat.pickup.ebwizardry.magic_wand":2,"stat.useItem.mocreatures.venisoncooked":2,"stat.pickup.vanillafoodpantry.rock_salt_crystals":3,"stat.pickup.harvestcraft.mudfishrawitem":1,"stat.pickup.tombstone.crafting_ingredient":2,"stat.useItem.minecraft.golden_axe":29,"stat.pickup.tombstone.lost_tablet":2,"stat.pickup.harvestcraft.bassrawitem":1,"stat.sprintOneCm":175455,"stat.craftItem.minecraft.stick":8,"stat.craftItem.minecraft.wooden_axe":1,"stat.mineBlock.mysticalworld.granite_quartz_ore":1,"stat.useItem.tombstone.magic_scroll":1,"stat.mineBlock.rustic.wildberry_bush":1,"stat.craftItem.mocreatures.venisoncooked":2,"stat.useItem.minecraft.carrot":3,"stat.useItem.minecraft.wooden_shovel":9,"stat.pickup.minecraft.golden_horse_armor":1,"stat.mineBlock.minecraft.planks":1,"stat.drop":22,"stat.useItem.minecraft.wooden_sword":7,"stat.pickup.mocreatures.crabraw":1,"stat.pickup.ebwizardry.ruined_spell_book":1,"stat.mineBlock.vanillafoodpantry.rock_salt_ore":1,"stat.pickup.minecraft.snowball":18,"stat.craftItem.minecraft.dye":2,"stat.diveOneCm":291067,"stat.useItem.spartanweaponry.spear_iron":6,"stat.pickup.minecraft.gravel":2,"stat.craftItem.minecraft.cooked_porkchop":8,"stat.useItem.minecraft.chicken":1,"stat.useItem.minecraft.apple":5,"stat.pickup.minecraft.obsidian":1,"stat.pickup.minecraft.stone_brick_stairs":2,"stat.pickup.byg.soapstone":1,"stat.useItem.minecraft.flower_pot":4,"stat.craftItem.travelersbackpack.backpack_tank":2,"stat.jump":4878,"stat.pickup.minecraft.fence":1,"stat.pickup.minecraft.coal":87,"stat.pickup.minecraft.iron_ingot":12,"stat.pickup.minecraft.spider_eye":2,"stat.pickup.minecraft.dirt":4,"stat.pickup.byg.purplesage":8,"stat.drop.minecraft.glass":4,"stat.useItem.minecraft.cooked_chicken":4,"stat.pickup.minecraft.iron_ore":73,"stat.useItem.mocreatures.duckcooked":2,"stat.pickup.lycanitesmobs.poisongland":3,"roc.kill":1,"stat.boatOneCm":9832181,"stat.pickup.toroquest.bandit_helmet":6,"stat.craftItem.mysticalworld.cooked_beetroot":5,"stat.pickup.rustic.wind_thistle":12,"stat.damageTaken":8336,"stat.pickup.ebwizardry.scroll":4,"stat.pickup.minecraft.leather":16,"stat.mineBlock.minecraft.red_flower":8,"stat.mineBlock.minecraft.torch":2,"stat.pickup.minecraft.prismarine_shard":1,"stat.pickup.ebwizardry.crystal_flower":10,"stat.pickup.minecraft.log2":2,"stat.pickup.heroicarmory.rsironsword":1,"stat.pickup.minecraft.bed":3,"tombstone:undead_killed":5,"stat.useItem.tombstone.grave_key":4,"stat.pickup.exoticbirds.birdmeat":17,"stat.damageDealt":6933,"stat.craftItem.minecraft.glass":16,"stat.sleepInBed":11,"stat.mineBlock.byg.pinkanemone":23,"stat.craftItem.minecraft.baked_potato":1,"stat.killEntity.Cow":1,"stat.walkOneCm":2292360,"stat.useItem.minecraft.chest":2,"stat.pickup.minecraft.stick":4,"stat.pickup.mysticalworld.copper_ore":3,"stat.useItem.minecraft.melon":6,"stat.killEntity.exoticbirds.peafowl":2,"stat.useItem.tombstone.gift":2,"stat.useItem.byg.purplesage":7,"stat.pickup.minecraft.stone":11,"stat.pickup.minecraft.baked_potato":5,"stat.mineBlock.minecraft.wool":1,"stat.pickup.minecraft.ender_pearl":1,"stat.pickup.lycanitesmobs.cooked_silex_meat":5,"stat.pickup.tombstone.familiar_receptacle":1,"stat.mineBlock.byg.brownbirchleaves":5,"stat.pickup.minecraft.gold_ingot":1,"stat.killEntity.exoticbirds.bluejay":3,"stat.killEntity.deers":9,"stat.craftItem.travelersbackpack.sleeping_bag_bottom":1,"stat.craftItem.minecraft.bookshelf":2,"stat.mobKills":40,"stat.mineBlock.minecraft.bookshelf":2,"stat.pickup.minecraft.quartz":1,"stat.pickup.lycanitesmobs.icefireballcharge":6,"stat.useItem.minecraft.golden_apple":2,"stat.pickup.artifacts.whoopie_cushion":1,"stat.mineBlock.minecraft.leaves":22,"stat.pickup.minecraft.torch":27,"stat.mineBlock.rustic.wind_thistle":3,"stat.mineBlock.minecraft.stone":22}