{"stat.drop.minecraft.dark_oak_boat":1,"stat.useItem.minecraft.painting":2,"stat.pickup.iceandfire.fire_dragon_flesh":1,"stat.mineBlock.iceandfire.chared_grass":1,"stat.pickup.exoticbirds.bluejay_egg":3,"stat.leaveGame":23,"stat.pickup.lycanitesmobs.cooked_krake_meat":1,"stat.pickup.ebwizardry.spell_book":4,"stat.pickup.minecraft.dark_oak_boat":1,"stat.drop.minecraft.enchanted_book":1,"stat.mineBlock.minecraft.web":9,"stat.pickup.minecraft.rotten_flesh":69,"silex.kill":1,"stat.drop.minecraft.leather_boots":1,"stat.pickup.iceandfire.chared_cobblestone":6,"stat.pickup.minecraft.leather_boots":8,"stat.useItem.locks.wood_lock_pick":1,"stat.pickup.minecraft.brown_mushroom":5,"stat.drop.mod_lavacow.intestine":1,"stat.drop.minecraft.sand":13,"stat.drop.ebwizardry.spell_book":1,"stat.useItem.minecraft.iron_pickaxe":189,"stat.pickup.mod_lavacow.intestine":2,"stat.pickup.harvestcraft.rhubarbitem":1,"stat.pickup.lycanitesmobs.cooked_bobeko_meat":1,"stat.useItem.ebwizardry.magic_wand":3,"stat.craftItem.minecraft.bed":1,"stat.drop.minecraft.wooden_shovel":1,"stat.drop.jjskill.curved_bow":1,"stat.furnaceInteraction":145,"stat.killEntity.mocreatures:crab":14,"stat.useItem.tombstone.lollipop":4,"stat.pickup.minecraft.beef":6,"stat.pickup.ebwizardry.arcane_tome":3,"stat.killEntity.mocreatures:duck":2,"stat.pickup.lycanitesmobs.spectralboltcharge":3,"stat.pickup.minecraft.leather_helmet":1,"stat.killEntity.exoticbirds.duck":2,"stat.mineBlock.vanillafoodpantry.natron_ore":1,"stat.drop.byg.scoria":2,"stat.pickup.tombstone.gift":1,"stat.pickup.minecraft.potion":1,"stat.mineBlock.minecraft.fence":1,"stat.pickup.tombstone.scroll_buff":3,"stat.drop.minecraft.cooked_fish":1,"stat.pickup.minecraft.emerald":31,"stat.craftItem.minecraft.dark_oak_boat":1,"stat.pickup.lycanitesmobs.raw_chupacabra_meat":5,"stat.deaths":8,"stat.craftItem.minecraft.wooden_shovel":1,"stat.killEntity.cqr_skeleton":3,"stat.craftItem.minecraft.iron_pickaxe":1,"stat.pickup.ebwizardry.advanced_wand":1,"stat.drop.minecraft.glass_bottle":8,"stat.pickup.mocreatures.hide":1,"stat.mineBlock.minecraft.tallgrass":29,"stat.craftItem.minecraft.cooked_mutton":45,"stat.fishCaught":1,"stat.pickup.minecraft.cooked_mutton":27,"stat.chestOpened":246,"stat.useItem.minecraft.splash_potion":1,"stat.useItem.minecraft.cooked_rabbit":1,"stat.killEntity.entity_owl":1,"stat.pickup.minecraft.iron_sword":1,"stat.pickup.minecraft.arrow":29,"stat.useItem.mysticalworld.cooked_carrot":3,"stat.pickup.minecraft.gold_nugget":8,"geist.kill":2,"stat.drop.minecraft.iron_pickaxe":1,"stat.useItem.mocreatures.crabcooked":6,"stat.pickup.minecraft.carrot":3,"stat.crouchOneCm":40035,"stat.mineBlock.minecraft.chest":2,"stat.pickup.minecraft.rail":6,"stat.craftItem.exoticbirds.cooked_birdmeat":16,"stat.craftItem.minecraft.iron_ingot":48,"stat.pickup.rustic.grape_stem":6,"stat.pickup.minecraft.painting":3,"stat.craftingTableInteraction":54,"stat.craftItem.byg.cookedspidereye":2,"stat.mineBlock.minecraft.log2":3,"stat.pickup.minecraft.dye":58,"stat.pickup.minecraft.planks":69,"stat.pickup.minecraft.wheat_seeds":13,"stat.pickup.mocreatures.duckraw":2,"stat.craftItem.lycanitesmobs.spectralboltcharge":4,"stat.drop.harvestcraft.blackberryitem":2,"djinn.kill":1,"stat.useItem.mowziesmobs.wrought_axe":1,"stat.pickup.minecraft.ice":10,"stat.mineBlock.minecraft.dirt":67,"stat.pickup.lycanitesmobs.raw_silex_meat":3,"stat.useItem.jjskill.bottle_skill_exp":1,"stat.useItem.minecraft.bread":22,"stat.drop.minecraft.rotten_flesh":9,"stat.useItem.minecraft.cobblestone":37,"stat.useItem.lycanitesmobs.cooked_krake_meat":1,"stat.useItem.minecraft.gravel":1,"stat.mineBlock.minecraft.double_plant":3,"stat.useItem.harvestcraft.sweetpotatoitem":5,"stat.pickup.minecraft.iron_pickaxe":2,"stat.pickup.minecraft.tipped_arrow":3,"stat.pickup.minecraft.apple":12,"stat.drop.minecraft.fish":2,"stat.pickup.locks.wood_lock_pick":2,"stat.useItem.minecraft.iron_sword":151,"stat.craftItem.minecraft.planks":44,"stat.pickup.minecraft.stone_sword":1,"stat.drop.tombstone.scroll_buff":1,"stat.pickup.minecraft.book":13,"stat.useItem.minecraft.stonebrick":3,"stat.mineBlock.minecraft.log":76,"stat.useItem.carryon.entity_item":1,"stat.pickup.iceandfire.dragonbone":3,"stat.pickup.minecraft.red_flower":19,"stat.pickup.minecraft.wool":17,"stat.mineBlock.byg.purplesage":8,"stat.useItem.minecraft.chorus_fruit":2,"stat.pickup.minecraft.cooked_fish":8,"stat.useItem.minecraft.wooden_axe":26,"stat.cakeSlicesEaten":7,"stat.craftItem.minecraft.cooked_rabbit":4,"stat.pickup.mysticalworld.silk_cocoon":15,"stat.mineBlock.minecraft.cobblestone":2,"stat.pickup.minecraft.stone_pickaxe":2,"stat.useItem.vanillafoodpantry.horse_cooked":3,"stat.pickup.mysticalworld.fish_and_chips":4,"stat.craftItem.minecraft.wool":25,"stat.pickup.minecraft.flower_pot":2,"stat.pickup.mocreatures.fur":6,"stat.pickup.minecraft.enchanted_book":3,"stat.drop.minecraft.cobblestone":65,"stat.pickup.minecraft.cooked_porkchop":15,"stat.useItem.minecraft.stone_slab2":38,"stat.pickup.minecraft.bow":1,"stat.pickup.minecraft.iron_boots":3,"stat.pickup.artifacts.lucky_clover":1,"stat.pickup.minecraft.golden_axe":1,"stat.craftItem.minecraft.spruce_boat":5,"stat.pickup.minecraft.pumpkin_pie":2,"stat.pickup.mysticalworld.silkworm_egg":5,"stat.useItem.exoticbirds.cooked_birdmeat":18,"stat.craftItem.minecraft.cooked_beef":27,"stat.drop.ebwizardry.advanced_wand":1,"stat.drop.exoticbirds.swan_egg":1,"stat.drop.mysticalworld.cooked_beetroot":1,"stat.flyOneCm":603854,"stat.useItem.spartanweaponry.battleaxe_stone":6,"stat.pickup.minecraft.fish":4,"stat.pickup.rustic.slate":1,"wraamon.kill":1,"stat.useItem.harvestcraft.plumitem":1,"stat.drop.minecraft.chainmail_chestplate":1,"stat.timeSinceDeath":103219,"stat.pickup.ancientspellcraft.ancient_spellcraft_spell_book":1,"stat.craftItem.ebwizardry.magic_crystal":12,"stat.killEntity.mod_lavacow.parasite":5,"stat.pickup.travelersbackpack.travelers_backpack":14,"stat.pickup.minecraft.chainmail_helmet":2,"stat.mineBlock.minecraft.coal_ore":176,"stat.drop.minecraft.wool":1,"stat.mineBlock.mysticalworld.copper_ore":3,"stat.pickup.minecraft.shield":4,"stat.talkedToVillager":137,"stat.pickup.minecraft.wooden_sword":1,"stat.pickup.minecraft.string":34,"stat.pickup.ebwizardry.magic_wand":3,"stat.pickup.tombstone.crafting_ingredient":20,"stat.entityKilledBy.Skeleton":1,"stat.pickup.harvestcraft.bassrawitem":1,"stat.sprintOneCm":445356,"stat.craftItem.minecraft.wooden_axe":1,"stat.pickup.minecraft.bone_block":10,"stat.useItem.tombstone.magic_scroll":3,"stat.mineBlock.rustic.wildberry_bush":1,"stat.mineBlock.minecraft.diamond_ore":1,"stat.useItem.minecraft.snowball":5,"stat.mineBlock.harvestcraft.pamapple":2,"stat.craftItem.mocreatures.venisoncooked":2,"stat.waystones:waystonesActivated":1,"stat.pickup.minecraft.leather_leggings":5,"stat.useItem.minecraft.wooden_sword":7,"stat.pickup.mocreatures.crabraw":8,"stat.pickup.ebwizardry.ruined_spell_book":2,"stat.mineBlock.vanillafoodpantry.rock_salt_ore":1,"stat.killEntity.Zombie":7,"stat.pickup.minecraft.snowball":25,"stat.craftItem.minecraft.dye":2,"stat.diveOneCm":351555,"stat.pickup.minecraft.wheat":14,"stat.craftItem.minecraft.cooked_porkchop":13,"stat.useItem.minecraft.chicken":1,"abaia.kill":1,"stat.pickup.minecraft.obsidian":1,"stat.jump":11589,"stat.pickup.minecraft.coal":174,"stat.pickup.minecraft.iron_ingot":37,"stat.useItem.megaloot.tool_shovel":13,"stat.useItem.minecraft.dark_oak_boat":1,"stat.pickup.cqrepoured.shield_walker":1,"stat.pickup.iceandfire.chared_stone":8,"stat.pickup.tombstone.dark_marble":2,"stat.pickup.minecraft.dirt":124,"stat.drop.megaloot.tool_shovel":2,"stat.pickup.lycanitesmobs.poisongland":3,"roc.kill":4,"stat.mineBlock.minecraft.lapis_ore":11,"stat.pickup.toroquest.bandit_helmet":8,"stat.craftItem.mysticalworld.cooked_beetroot":6,"stat.pickup.rustic.wind_thistle":12,"stat.damageTaken":20104,"stat.pickup.ebwizardry.scroll":4,"stat.mineBlock.minecraft.red_flower":8,"stat.mineBlock.minecraft.torch":10,"stat.pickup.ebwizardry.crystal_flower":41,"stat.pickup.minecraft.log2":11,"stat.pickup.minecraft.bed":3,"stat.pickup.vanillafoodpantry.oak_acorn":1,"stat.pickup.minecraft.quartz_block":8,"stat.pickup.minecraft.diamond_axe":1,"stat.entityKilledBy.Zombie":1,"stat.pickup.exoticbirds.birdmeat":21,"stat.pickup.iceandfire.chared_grass":2,"stat.pickup.artifacts.bubble_wrap":3,"stat.animalsBred":1,"stat.useItem.minecraft.chest":2,"stat.drop.minecraft.wheat":3,"stat.pickup.minecraft.diamond_pickaxe":2,"stat.pickup.mysticalworld.copper_ore":3,"stat.pickup.harvestcraft.freshmilkitem":12,"stat.useItem.minecraft.melon":10,"stat.killEntity.exoticbirds.peafowl":2,"stat.useItem.tombstone.gift":2,"stat.useItem.byg.purplesage":7,"stat.pickup.minecraft.baked_potato":10,"stat.pickup.minecraft.ender_pearl":3,"stat.pickup.tombstone.familiar_receptacle":2,"stat.pickup.minecraft.cooked_beef":12,"tombstone:eaten_lollipop":4,"stat.killEntity.deers":9,"stat.craftItem.travelersbackpack.sleeping_bag_bottom":1,"stat.craftItem.minecraft.bookshelf":2,"stat.mineBlock.minecraft.stonebrick":4,"stat.mineBlock.byg.soapstone":1,"stat.pickup.vanillafoodpantry.bowl_water":4,"stat.mobKills":85,"stat.mineBlock.minecraft.bookshelf":2,"stat.pickup.artifacts.whoopie_cushion":1,"stat.pickup.minecraft.beetroot_seeds":4,"stat.pickup.minecraft.torch":52,"stat.drop.minecraft.quartz_block":1,"stat.mineBlock.rustic.wind_thistle":3,"stat.useItem.minecraft.string":4,"stat.pickup.solcarrot.food_book":1,"stat.pickup.byg.pinkanemone":44,"stat.mineBlock.ebwizardry.crystal_flower":33,"stat.useItem.lycanitesmobs.cooked_chupacabra_meat":5,"stat.pickup.mod_lavacow.cursed_fabric":1,"stat.pickup.minecraft.fishing_rod":2,"stat.pickup.wizardrygolems.golemancy_spell_book":5,"stat.useItem.minecraft.planks":2,"stat.pickup.minecraft.glowstone_dust":21,"stat.pickup.minecraft.glass":22,"stat.pickup.megaloot.weaponsword":3,"stat.pickup.lycanitesmobs.cooked_chupacabra_meat":3,"stat.drop.travelersbackpack.travelers_backpack":1,"stat.mineBlock.minecraft.stone_brick_stairs":2,"stat.pickup.minecraft.sand":61,"stat.pickup.cqrepoured.longshot":1,"stat.pickup.minecraft.splash_potion":3,"stat.pickup.harvestcraft.sweetpotatoitem":5,"stat.pickup.minecraft.name_tag":1,"stat.pickup.minecraft.chainmail_chestplate":1,"stat.mineBlock.minecraft.sand":21,"stat.craftItem.minecraft.cooked_fish":21,"stat.killEntity.mocreatures:deer":3,"stat.pickup.minecraft.ghast_tear":1,"stat.killEntity.exoticbirds.lyrebird":2,"stat.trappedChestTriggered":12,"stat.pickup.iceandfire.dragon_skull":1,"stat.craftItem.vanillafoodpantry.horse_cooked":3,"stat.useItem.minecraft.cooked_mutton":49,"stat.pickup.vanillafoodpantry.horse_raw":3,"stat.craftItem.travelersbackpack.travelers_backpack":2,"stat.killEntity.exoticbirds.kiwi":1,"stat.pickup.mowziesmobs.wrought_axe":1,"stat.pickup.minecraft.iron_chestplate":3,"stat.pickup.minecraft.skull":1,"stat.pickup.tombstone.magic_scroll":1,"stat.useItem.megaloot.weaponsword":78,"stat.mineBlock.byg.spruceleavesblue":5,"stat.pickup.minecraft.stone_stairs":1,"stat.useItem.minecraft.pumpkin_pie":1,"stat.pickup.minecraft.saddle":1,"stat.useItem.lycanitesmobs.cooked_silex_meat":4,"stat.pickup.harvestcraft.tilapiarawitem":1,"stat.playOneMinute":1391626,"stat.drop.minecraft.string":2,"stat.pickup.megaloot.armor_helmet":1,"stat.pickup.minecraft.iron_bars":1,"stat.craftItem.reforged.iron_battleaxe":1,"stat.useItem.minecraft.fish":1,"stat.useItem.mysticalworld.cooked_beetroot":4,"stat.pickup.spartanweaponry.battleaxe_stone":1,"stat.pickup.minecraft.waterlily":2,"stat.killEntity.salmon":1,"stat.mineBlock.minecraft.ice":1,"stat.useItem.jjskill.curved_bow":2,"stat.drop.mysticalworld.silk_cocoon":3,"stat.mineBlock.rustic.slate":2,"stat.killEntity.toroquest_sentry":2,"stat.pickup.minecraft.cooked_chicken":2,"stat.useItem.minecraft.experience_bottle":1,"stat.fallOneCm":287681,"stat.drop.minecraft.stone":4,"stat.craftItem.tombstone.dark_marble":8,"stat.pickup.exoticbirds.swan_egg":1,"stat.craftItem.minecraft.chest":3,"stat.drop.minecraft.book":7,"stat.pickup.minecraft.red_mushroom":1,"stat.pickup.minecraft.melon":2,"jengu.kill":1,"arix.kill":1,"stat.pickup.minecraft.feather":28,"stat.drop.minecraft.iron_leggings":1,"stat.pickup.iceandfire.dragonscales_red":7,"stat.pickup.reforged.iron_battleaxe":1,"stat.pickup.minecraft.iron_leggings":2,"stat.mineBlock.minecraft.gravel":1,"stat.useItem.minecraft.stone_pickaxe":290,"stat.pickup.farlanders.endumium_crystal":9,"stat.useItem.lycanitesmobs.raw_silex_meat":3,"stat.useItem.minecraft.torch":30,"stat.pickup.minecraft.golden_apple":2,"stat.craftItem.mysticalworld.silk_thread":2,"stat.pickup.mocreatures.venisonraw":2,"stat.pickup.minecraft.iron_hoe":1,"stat.killEntity.LavaSlime":1,"stat.mineBlock.ebwizardry.crystal_ore":3,"stat.mineBlock.minecraft.emerald_ore":6,"stat.pickup.minecraft.log":73,"stat.useItem.minecraft.cooked_fish":17,"stat.drop.minecraft.planks":8,"stat.mineBlock.byg.zelkovaleaves":6,"stat.pickup.exoticbirds.lyrebird_egg":2,"stat.pickup.minecraft.sapling":10,"stat.killEntity.ancientspellcraft:skeleton_mage":1,"stat.pickup.minecraft.beetroot":1,"stat.drop.megaloot.armor_helmet":1,"stat.mineBlock.iceandfire.goldpile":1,"stat.pickup.rustic.marsh_mallow":1,"stat.pickup.spartanweaponry.spear_iron":1,"stat.craftItem.lycanitesmobs.cooked_chupacabra_meat":3,"stat.pickup.minecraft.diamond_helmet":1,"stat.craftItem.minecolonies.supplychestdeployer":1,"stat.craftItem.minecraft.cooked_chicken":2,"stat.craftItem.minecraft.flower_pot":4,"stat.pickup.treasure2.wood_key":2,"stat.sneakTime":29794,"stat.pickup.rustic.chili_pepper_seeds":6,"stat.useItem.minecraft.baked_potato":9,"stat.useItem.minecraft.fishing_rod":37,"stat.drop.minecraft.wooden_axe":1,"stat.useItem.minecraft.beetroot":1,"stat.pickup.minecraft.chest":2,"stat.drop.minecraft.stone_pickaxe":2,"stat.useItem.exoticbirds.birdmeat":2,"stat.craftItem.mocreatures.crabcooked":8,"stat.pickup.minecraft.bone":91,"stat.killEntity.exoticbirds.flamingo":4,"stat.horseOneCm":855505,"stat.useItem.harvestcraft.garlicitem":1,"stat.pickup.exoticbirds.cooked_birdmeat":15,"stat.useItem.minecraft.log2":1,"stat.useItem.byg.cookedspidereye":2,"stat.pickup.megaloot.tool_shovel":2,"stat.useItem.reforged.iron_battleaxe":10,"stat.mineBlock.minecraft.brown_mushroom":1,"stat.pickup.artifacts.drinking_hat":1,"stat.useItem.minecraft.diamond_sword":215,"stat.pickup.davincisvessels.marker":1,"stat.swimOneCm":210581,"stat.climbOneCm":41606,"stat.drop.exoticbirds.cooked_birdmeat":1,"stat.useItem.minecraft.dirt":1,"stat.pickup.jjskill.curved_bow":1,"stat.pickup.minecraft.cooked_rabbit":5,"stat.craftItem.mocreatures.duckcooked":2,"stat.killEntity.artifacts.mimic":1,"stat.drop.minecraft.ender_pearl":2,"stat.useItem.lycanitesmobs.cooked_bobeko_meat":1,"stat.craftItem.minecraft.stone_pickaxe":2,"stat.pickup.minecraft.cobblestone":716,"stat.killEntity.mocreatures:grizzlybear":1,"stat.useItem.tombstone.scroll_buff":2,"stat.pickup.minecraft.glass_bottle":4,"stat.drop.minecraft.wheat_seeds":6,"stat.useItem.minecraft.cooked_beef":26,"stat.mineBlock.minecraft.iron_ore":71,"stat.drop.minecraft.log":4,"stat.craftItem.mysticalworld.cooked_carrot":3,"stat.drop.rustic.chili_pepper_seeds":2,"stat.pickup.minecraft.mutton":4,"stat.drop.minecolonies.supplychestdeployer":1,"stat.pickup.minecraft.stonebrick":5,"krake.kill":1,"stat.pickup.ebwizardry.magic_crystal":19,"stat.useItem.minecraft.cooked_porkchop":20,"stat.pickup.lycanitesmobs.whirlwindcharge":2,"stat.pickup.minecraft.carpet":3,"stat.drop.minecraft.beetroot_seeds":4,"stat.useItem.mocreatures.venisoncooked":2,"stat.pickup.vanillafoodpantry.rock_salt_crystals":3,"stat.drop.minecraft.log2":6,"stat.pickup.harvestcraft.mudfishrawitem":1,"stat.useItem.minecraft.golden_axe":29,"stat.pickup.tombstone.lost_tablet":2,"stat.craftItem.minecraft.stick":8,"stat.mineBlock.mysticalworld.granite_quartz_ore":1,"stat.pickup.tombstone.lollipop":4,"stat.craftItem.minecraft.stone":50,"stat.killEntity.mocreatures:mole":1,"stat.useItem.minecraft.diamond_pickaxe":559,"stat.mineBlock.minecraft.quartz_block":2,"stat.useItem.minecraft.carrot":7,"stat.useItem.minecraft.wooden_shovel":9,"stat.pickup.minecraft.golden_horse_armor":1,"stat.mineBlock.minecraft.planks":2,"stat.drop":204,"stat.pickup.minecraft.golden_chestplate":1,"stat.useItem.spartanweaponry.spear_iron":6,"stat.pickup.minecraft.gravel":7,"stat.drop.minecraft.cooked_beef":1,"stat.useItem.minecraft.apple":7,"stat.useItem.minecraft.potion":6,"stat.pickup.mod_lavacow.cordy_shroom":1,"stat.pickup.minecraft.stone_brick_stairs":2,"stat.drop.minecraft.cooked_porkchop":1,"stat.pickup.minecraft.diamond_sword":3,"stat.pickup.harvestcraft.blackberryitem":5,"stat.pickup.byg.soapstone":2,"stat.useItem.minecraft.flower_pot":4,"stat.craftItem.travelersbackpack.backpack_tank":2,"stat.pickup.minecraft.fence":1,"stat.pickup.megaloot.tool_pickaxe":1,"stat.pickup.mysticalworld.cooked_carrot":3,"stat.mineBlock.harvestcraft.shadedgarden":1,"stat.pickup.minecraft.spider_eye":10,"stat.pickup.byg.scoria":2,"stat.pickup.byg.purplesage":8,"stat.drop.minecraft.glass":4,"stat.useItem.minecraft.cooked_chicken":9,"stat.pickup.minecraft.iron_ore":73,"stat.useItem.mocreatures.duckcooked":2,"stat.boatOneCm":9838699,"stat.pickup.mca.staff_of_life":1,"stat.pickup.minecraft.leather":16,"stat.pickup.minecraft.prismarine_shard":1,"stat.drop.toroquest.bandit_helmet":1,"tombstone:undead_killed":17,"stat.useItem.tombstone.grave_key":13,"stat.damageDealt":14294,"stat.craftItem.minecraft.glass":16,"stat.sleepInBed":33,"stat.mineBlock.byg.pinkanemone":23,"stat.craftItem.minecraft.baked_potato":1,"stat.killEntity.Cow":1,"stat.walkOneCm":4904153,"stat.pickup.minecraft.stick":56,"stat.pickup.minecraft.clay_ball":2,"stat.pickup.minecraft.stone":30,"stat.useItem.vanillafoodpantry.bowl_water":3,"stat.mineBlock.minecraft.wool":2,"stat.drop.minecraft.emerald":18,"stat.pickup.harvestcraft.zucchiniitem":1,"stat.pickup.lycanitesmobs.cooked_silex_meat":5,"stat.pickup.minecraft.chorus_fruit":6,"stat.mineBlock.byg.brownbirchleaves":5,"stat.pickup.minecraft.gold_ingot":1,"stat.pickup.lycanitesmobs.reaperclaw":2,"stat.killEntity.Skeleton":3,"stat.killEntity.exoticbirds.bluejay":3,"stat.pickup.minecraft.bread":5,"stat.pickup.minecraft.quartz":1,"stat.pickup.harvestcraft.plumitem":2,"stat.pickup.lycanitesmobs.icefireballcharge":6,"stat.useItem.minecraft.golden_apple":3,"stat.mineBlock.minecraft.leaves":47,"stat.mineBlock.minecraft.bone_block":11,"stat.mineBlock.minecraft.stone":647}