{"stat.useItem.minecraft.bow":11,"stat.pickup.lycanitesmobs.frostwebcharge":8,"stat.useItem.minecraft.painting":1,"stat.pickup.lycanitesmobs.chaosorbcharge":4,"darkling.kill":8,"stat.drop.byg.woodenmortar":1,"stat.pickup.toughasnails.purified_water_bottle":1,"stat.pickup.harvestcraft.huckleberryitem":2,"stat.pickup.tombstone.familiar_stone":4,"stat.pickup.ebwizardry.spell_book":42,"stat.drop.exoticbirds.bluejay_egg":1,"stat.pickup.minecraft.dark_oak_boat":3,"stat.mineBlock.minecraft.web":69,"stat.pickup.minecraft.rotten_flesh":157,"warg.kill":1,"stat.pickup.locks.gold_lock":1,"stat.craftItem.farlanders.nightfall_sword":1,"stat.drop.megaloot.weaponbow":1,"stat.drop.minecraft.leather_boots":5,"stat.pickup.minecraft.cobblestone_wall":1,"stat.pickup.minecraft.bucket":6,"stat.mineBlock.byg.mahogany_log":15,"stat.killEntity.Enderman":1,"stat.pickup.netherex.wither_bone":6,"stat.drop.sereneseasons.season_clock":1,"eechetik.kill":2,"stat.craftItem.minecraft.iron_shovel":1,"stat.pickup.minecraft.brown_mushroom":23,"stat.drop.mod_lavacow.intestine":2,"stat.pickup.harvestcraft.scallionitem":2,"stat.drop.ebwizardry.spell_book":20,"stat.drop.harvestcraft.radishitem":2,"stat.useItem.minecraft.spider_eye":1,"stat.pickup.mod_lavacow.intestine":32,"stat.useItem.minecraft.iron_pickaxe":402,"stat.drop.minecraft.ender_eye":1,"stat.pickup.minecraft.stained_hardened_clay":3,"stat.useItem.locks.diamond_lock_pick":3,"stat.furnaceInteraction":531,"stat.useItem.minecraft.golden_carrot":8,"stat.killEntity.mocreatures:crab":8,"stat.useItem.tombstone.lollipop":3,"stat.killEntity.toroquest_orc":32,"stat.killEntity.knight_fallen":1,"stat.pickup.minecraft.nether_brick":22,"stat.drop.minecraft.chorus_fruit":4,"necrovore.kill":7,"stat.entityKilledBy.WitherSkeleton":2,"stat.mineBlock.minecraft.wooden_button":1,"stat.killEntity.mod_lavacow.piranha":2,"stat.pickup.byg.mahogany_log":14,"stat.pickup.lycanitesmobs.spectralboltcharge":31,"stat.useItem.rustic.wildberries":5,"stat.useItem.rustic.wind_thistle":1,"stat.drop.minecraft.golden_axe":1,"stat.mineBlock.ancientspellcraft.astral_diamond_ore":1,"stat.mineBlock.vanillafoodpantry.natron_ore":2,"stat.craftItem.toughasnails.purified_water_bottle":6,"stat.craftItem.ebwizardry.magic_wand":2,"stat.useItem.minecraft.flint_and_steel":13,"stat.useItem.minecraft.wheat_seeds":133,"stat.drop.minecraft.nether_brick_stairs":1,"stat.drop.minecraft.cooked_fish":17,"stat.killEntity.Husk":6,"stat.pickup.minecraft.emerald":125,"stat.craftItem.minecraft.dark_oak_boat":2,"stat.pickup.vanillafoodpantry.wolf_cooked":2,"stat.pickup.lycanitesmobs.raw_chupacabra_meat":46,"stat.deaths":48,"stat.pickup.minecraft.bowl":9,"stat.pickup.lycanitesmobs.geistliver":28,"stat.craftItem.minecraft.wooden_shovel":1,"stat.craftItem.minecraft.iron_pickaxe":3,"stat.pickup.artifacts.panic_necklace":1,"stat.pickup.ebwizardry.advanced_wand":2,"stat.pickup.minecraft.item_frame":1,"stat.craftItem.minecraft.cooked_mutton":35,"stat.pickup.minecraft.cooked_mutton":47,"stat.mineBlock.byg.redwoodleaves":6,"stat.useItem.mod_lavacow.parasite_item_cooked":1,"stat.chestOpened":2533,"stat.craftItem.minecraft.mushroom_stew":2,"stat.craftItem.minecraft.sign":6,"stat.pickup.minecraft.iron_sword":7,"maka.kill":2,"stat.useItem.mysticalworld.cooked_carrot":12,"stat.drop.minecraft.experience_bottle":2,"stat.pickup.minecraft.gold_nugget":14,"geist.kill":12,"stat.craftItem.minecraft.coal":14,"stat.pickup.iceandfire.myrmex_jungle_chitin":1,"stat.pickup.minecraft.carrot":21,"stat.pickup.treasure2.silver_coin":3,"stat.pickup.lycanitesmobs.doomfireballcharge":7,"stat.crouchOneCm":164848,"stat.pickup.minecraft.rail":6,"stat.craftItem.minecraft.diamond":36,"stat.craftItem.exoticbirds.cooked_birdmeat":12,"stat.useItem.mod_lavacow.mimic_claw_cooked":4,"stat.craftItem.minecraft.iron_ingot":180,"stat.pickup.rustic.grape_stem":23,"stat.drop.minecraft.slime_ball":2,"stat.craftingTableInteraction":194,"stat.drop.byg.soapstone":4,"stat.pickup.minecraft.mushroom_stew":1,"stat.mineBlock.minecraft.log2":19,"stat.pickup.minecraft.wooden_pickaxe":1,"stat.craftItem.byg.mahogany_planks":56,"stat.drop.exoticbirds.hummingbird_egg":1,"stat.craftItem.rustic.chain":12,"stat.pickup.ebwizardry.identification_scroll":2,"stat.pickup.minecraft.dye":93,"stat.pickup.minecraft.planks":197,"stat.killEntity.skeleton_frozen":1,"stat.craftItem.locks.iron_lock_pick":2,"stat.useItem.harvestcraft.rutabagaitem":1,"stat.drop.harvestcraft.blackberryitem":2,"stat.pickup.minecraft.ice":10,"stat.pickup.lycanitesmobs.raw_silex_meat":17,"stat.flowerPotted":7,"stat.useItem.jjskill.bottle_skill_exp":8,"stat.killEntity.exoticbirds.emperorpenguin":4,"stat.pickup.harvestcraft.maplesyrupitem":29,"stat.drop.minecraft.rotten_flesh":19,"stat.pickup.lycanitesmobs.embercharge":1,"stat.pickup.harvestcraft.peasitem":1,"stat.useItem.harvestcraft.sweetpotatoitem":3,"stat.drop.minecraft.sapling":2,"stat.pickup.treasure2.gold_skull_chest":2,"stat.pickup.minecraft.tipped_arrow":38,"stat.drop.minecraft.gold_nugget":2,"stat.pickup.minecraft.end_stone":1,"stat.useItem.byg.palm_planks":24,"stat.drop.minecraft.fish":15,"stat.craftItem.minecraft.bucket":4,"stat.craftItem.minecraft.planks":1708,"stat.useItem.minecraft.iron_sword":99,"stat.pickup.minecraft.stone_sword":1,"stat.useItem.minecraft.stonebrick":2,"stat.pickup.minecraft.book":6,"stat.pickup.megaloot.tool_axe":1,"stat.pickup.mysticalworld.copper_ingot":2,"stat.useItem.carryon.entity_item":64,"stat.drop.minecraft.leather_leggings":2,"stat.pickup.minecraft.cooked_fish":20,"stat.mineBlock.ancientspellcraft.crystal_ore_ice":14,"stat.craftItem.minecraft.spruce_door":6,"stat.craftItem.mocreatures.kittybed_pink":1,"stat.killEntity.grimoireofgaia.banshee":1,"stat.mineBlock.minecraft.cobblestone":259,"stat.mineBlock.minecraft.pumpkin":9,"stat.pickup.minecraft.stone_pickaxe":2,"stat.pickup.minecraft.flint":4,"stat.pickup.minecraft.leather_chestplate":2,"stat.pickup.minecraft.flower_pot":5,"stat.entityKilledBy.toroquest_orc":1,"stat.useItem.spartanweaponry.rapier_iron":69,"stat.drop.minecraft.cobblestone":60,"stat.pickup.minecraft.cooked_porkchop":3,"stat.pickup.mysticalworld.raw_squid":4,"stat.useItem.minecraft.stone_slab2":797,"stat.drop.ebwizardry.magic_wand":7,"stat.pickup.minecraft.iron_boots":9,"stat.pickup.artifacts.lucky_clover":1,"stat.pickup.lycanitesmobs.veswax":5,"stat.pickup.minecraft.diamond_horse_armor":1,"stat.pickup.minecraft.stone_hoe":1,"stat.craftItem.minecraft.furnace":11,"stat.craftItem.minecraft.lapis_block":1,"stat.useItem.spartanweaponry.glaive_stone":11,"stat.pickup.mocreatures.crabcooked":2,"stat.craftItem.minecraft.iron_boots":4,"stat.pickup.mysticalworld.silkworm_egg":18,"stat.useItem.exoticbirds.cooked_birdmeat":11,"stat.pickup.iceandfire.myrmex_resin":6,"stat.drop.exoticbirds.swan_egg":1,"stat.pickup.minecraft.diamond_leggings":1,"stat.drop.minecraft.iron_helmet":5,"stat.drop.exoticbirds.lyrebird_egg":2,"stat.craftItem.toughasnails.campfire":1,"wraamon.kill":3,"stat.drop.minecraft.chainmail_chestplate":1,"yale.kill":1,"stat.pickup.elderarsenal.iron_shield":1,"stat.drop.minecraft.spider_eye":7,"stat.pickup.ancientspellcraft.ancient_spellcraft_spell_book":3,"stat.useItem.minecraft.iron_door":3,"stat.craftItem.lycanitesmobs.cooked_maka_meat":2,"stat.pickup.treasure2.diamond_charm":1,"stat.pickup.exoticbirds.mystery_egg":10,"stat.killEntity.entity_silkworm":2,"stat.drop.minecraft.wool":16,"stat.mineBlock.mysticalworld.copper_ore":1,"stat.killEntity.Creeper":5,"stat.drop.treasure2.silver_bracelet":1,"stat.pickup.minecraft.wooden_sword":6,"stat.entityKilledBy.ancientspellcraft:skeleton_mage":1,"stat.pickup.ebwizardry.magic_wand":10,"grue.kill":6,"stat.pickup.tombstone.crafting_ingredient":63,"stat.pickup.grimoireofgaia.food_root":1,"stat.entityKilledBy.Skeleton":5,"stat.drop.minecraft.obsidian":2,"stat.pickup.lycanitesmobs.raw_arisaur_meat":1,"stat.killEntity.Squid":1,"stat.sprintOneCm":1528979,"stat.drop.minecraft.leather":7,"stat.mineBlock.minecraft.stone_slab":5,"stat.useItem.harvestcraft.cottonitem":1,"stat.craftItem.rustic.chair_spruce":8,"stat.useItem.tombstone.magic_scroll":5,"stat.craftItem.lycanitesmobs.frostboltcharge":4,"stat.useItem.exoticbirds.peafowl_egg":1,"stat.useItem.carryon.tile_item":62,"stat.useItem.mod_lavacow.piranha_cooked":1,"stat.useItem.minecraft.snowball":6,"stat.pickup.spartanweaponry.longbow_iron":1,"stat.pickup.ebwizardry.apprentice_wand":1,"stat.pickup.mod_lavacow.piranha":2,"stat.craftItem.mocreatures.venisoncooked":3,"stat.waystones:waystonesActivated":1,"stat.pickup.minecraft.leather_leggings":18,"stat.pickup.minecraft.sugar":1,"stat.pickup.mocreatures.crabraw":3,"stat.pickup.lycanitesmobs.immunizer":1,"stat.pickup.ebwizardry.ruined_spell_book":11,"stat.craftItem.minecraft.emerald":2,"stat.killEntity.Zombie":162,"stat.craftItem.minecraft.dye":75,"stat.mineBlock.minecraft.gold_ore":32,"stat.craftItem.forge.bucketfilled":6,"stat.pickup.minecraft.wheat":75,"stat.mineBlock.minecraft.mossy_cobblestone":7,"stat.drop.minecraft.stone_stairs":5,"stat.pickup.byg.aspen_log":6,"stat.craftItem.minecraft.cooked_porkchop":33,"stat.drop.locks.steel_lock":1,"stat.drop.lycanitesmobs.bulwark_burger":1,"stat.pickup.minecraft.obsidian":16,"stat.useItem.byg.soapstone":28,"stat.mineBlock.mod_lavacow.veil_shroom":1,"stat.drop.treasure2.silver_ring":1,"stat.pickup.minecraft.coal":206,"stat.pickup.minecraft.iron_ingot":76,"stat.useItem.megaloot.tool_shovel":132,"stat.useItem.minecraft.dark_oak_boat":1,"stat.drop.minecraft.diamond_sword":2,"stat.drop.minecraft.wooden_sword":2,"stat.pickup.iceandfire.chared_stone":30,"stat.killEntity.mocreatures:kitty":1,"stat.pickup.minecraft.dirt":475,"stat.pickup.useless_sword.witherbone":6,"stat.drop.minecraft.iron_shovel":1,"stat.drop.megaloot.tool_shovel":2,"stat.pickup.tombstone.fishing_rod_of_misadventure":2,"stat.drop.farlanders.endumium_crystal":2,"stat.mineBlock.minecraft.lapis_ore":7,"stat.pickup.toroquest.bandit_helmet":17,"stat.pickup.rustic.wind_thistle":2,"stat.pickup.minecraft.iron_axe":1,"cacodemon.kill":2,"stat.mineBlock.minecraft.torch":61,"stat.mineBlock.minecraft.red_flower":21,"stat.tradedWithVillager":18,"stat.pickup.minecraft.ender_eye":3,"stat.craftItem.mod_lavacow.mimic_claw_cooked":6,"volcan.kill":2,"stat.pickup.lycanitesmobs.soulstone_aquatic":1,"stat.drop.jjskill.precious_bow":4,"stat.pickup.spartanweaponry.saber_iron":1,"stat.pickup.lycanitesmobs.entarm":1,"stat.pickup.locks.iron_lock_pick":5,"stat.useItem.harvestcraft.onionitem":1,"stat.pickup.minecraft.diamond_pickaxe":4,"stat.useItem.minecraft.tnt":17,"stat.useItem.minecraft.lava_bucket":35,"stat.drop.tombstone.familiar_receptacle":6,"herma.kill":2,"stat.craftItem.byg.aspen_planks":24,"stat.useItem.minecraft.melon":6,"stat.pickup.lycanitesmobs.cooked_maka_meat":3,"stat.useItem.tombstone.gift":3,"stat.pickup.harvestcraft.spiceleafitem":6,"stat.useItem.byg.purplesage":5,"stat.craftItem.lycanitesmobs.cooked_silex_meat":17,"stat.pickup.spartanweaponry.halberd_stone":1,"stat.useItem.harvestcraft.maplesyrupitem":27,"stat.pickup.minecraft.cooked_beef":328,"stat.killEntity.Stray":4,"stat.mineBlock.mysticalworld.amethyst_ore":7,"stat.killEntity.deers":3,"stat.pickup.treasure2.thiefs_lock_pick":1,"stat.drop.minecraft.nether_brick":2,"stat.drop.mysticalworld.fish_and_chips":4,"chupacabra.tame":1,"stat.mineBlock.byg.soapstone":95,"stat.pickup.sereneseasons.season_clock":1,"stat.mobKills":1100,"stat.pickup.minecraft.diamond_boots":2,"stat.craftItem.treasure2.charming_table":1,"stat.craftItem.minecraft.lead":6,"stat.pickup.minecraft.diamond":5,"stat.killEntity.netherex:spore":2,"stat.pickup.minecraft.beetroot_seeds":7,"stat.pickup.exoticbirds.kiwi_egg":1,"stat.pickup.iceandfire.myrmex_jungle_resin":5,"stat.pickup.harvestcraft.beetitem":1,"stat.mineBlock.rustic.wind_thistle":1,"stat.useItem.harvestcraft.rhubarbitem":3,"stat.pickup.byg.pinkanemone":18,"stat.mineBlock.ebwizardry.crystal_flower":21,"stat.drop.rustic.grape_stem":12,"stat.useItem.lycanitesmobs.cooked_chupacabra_meat":25,"stat.craftItem.byg.woodenmortar":1,"stat.useItem.davincisvessels.floater":15,"stat.killEntity.Blaze":2,"stat.drop.minecraft.shield":5,"stat.mineBlock.ancientspellcraft.crystal_silver_ore":1,"stat.pickup.wizardrygolems.golemancy_spell_book":1,"stat.pickup.treasure2.falling_grass":1,"stat.pickup.minecraft.glowstone_dust":41,"stat.drop.minecraft.bowl":2,"stat.pickup.ebwizardry.ring_ice_melee":1,"stat.pickup.lycanitesmobs.cooked_chupacabra_meat":3,"stat.pickup.davincisvessels.seat":2,"stat.mineBlock.minecraft.stone_brick_stairs":5,"stat.mineBlock.minecraft.nether_brick_fence":7,"stat.drop.ebwizardry.identification_scroll":1,"stat.pickup.minecraft.splash_potion":6,"stat.drop.lycanitesmobs.cooked_krake_meat":1,"stat.pickup.harvestcraft.sweetpotatoitem":7,"stat.pickup.ebwizardry.wizard_hat_fire":1,"stat.pickup.lycanitesmobs.venomshotcharge":1,"stat.drop.cqrepoured.sword_walker":1,"stat.pickup.lycanitesmobs.aquapulsecharge":5,"shade.kill":1,"stat.pickup.locks.diamond_lock":1,"stat.drop.megaloot.tool_axe":1,"stat.pickup.ebwizardry.spectral_dust":18,"stat.pickup.minecraft.chainmail_chestplate":6,"stat.mineBlock.minecraft.sand":77,"stat.craftItem.minecraft.wooden_hoe":1,"stat.pickup.treasure2.iron_lock":4,"stat.hopperInspected":3,"stat.pickup.minecraft.ghast_tear":3,"stat.useItem.vanillafoodpantry.fried_egg":6,"stat.pickup.minecraft.armor_stand":4,"stat.trappedChestTriggered":25,"stat.pickup.locks.steel_lock":4,"stat.pickup.cqrepoured.hookshot":2,"stat.pickup.treasure2.silver_bracelet":1,"stat.pickup.minecraft.wooden_button":4,"stat.pickup.cqrepoured.spear_iron":1,"stat.pickup.lycanitesmobs.raw_bobeko_meat":10,"stat.pickup.vanillafoodpantry.fried_egg":2,"stat.useItem.minecraft.cooked_mutton":51,"stat.drop.minecraft.diamond_helmet":1,"stat.mineBlock.harvestcraft.windygarden":3,"stat.drop.minecraft.wooden_button":1,"stat.craftItem.paraglider.paraglider":3,"stat.craftItem.travelersbackpack.travelers_backpack":1,"stat.drop.minecraft.fishing_rod":2,"stat.mineBlock.byg.spruceleavesblue":10,"stat.useItem.megaloot.weaponsword":266,"stat.pickup.minecraft.stone_stairs":13,"stat.killEntity.withercat":1,"stat.craftItem.toughasnails.canteen":4,"stat.pickup.minecraft.pumpkin_seeds":10,"stat.drop.minecraft.snowball":4,"stat.pickup.minecraft.saddle":3,"stat.pickup.minecraft.fermented_spider_eye":1,"stat.drop.mod_lavacow.veil_shroom":1,"stat.useItem.spartanweaponry.halberd_iron":115,"stat.useItem.lycanitesmobs.cooked_silex_meat":5,"stat.pickup.mod_lavacow.veil_shroom":1,"stat.pickup.minecraft.blaze_rod":1,"stat.drop.tombstone.lollipop":8,"stat.pickup.exoticbirds.owl_egg":1,"stat.drop.davincisvessels.marker":2,"stat.pickup.harvestcraft.cottonitem":1,"stat.pickup.minecraft.pumpkin":9,"stat.drop.mocreatures.venisoncooked":1,"stat.recordPlayed":4,"stat.useItem.vanillafoodpantry.fried_egg_sandwich":7,"stat.useItem.minecraft.fish":1,"stat.useItem.mysticalworld.cooked_beetroot":1,"stat.pickup.spartanweaponry.battleaxe_stone":1,"stat.killEntity.salmon":6,"stat.mineBlock.minecraft.ice":2,"stat.drop.mysticalworld.silk_cocoon":6,"stat.useItem.spartanweaponry.longbow_iron":138,"stat.drop.rustic.honeycomb":1,"wendigo.kill":1,"stat.useItem.minecraft.experience_bottle":778,"stat.drop.minecraft.stone":14,"stat.craftItem.tombstone.dark_marble":4,"stat.drop.useless_sword.endermanscale":2,"stat.pickup.minecraft.melon_seeds":7,"stat.drop.minecraft.book":6,"stat.pickup.minecraft.golden_leggings":4,"stat.pickup.minecraft.melon":5,"stat.pickup.mysticalworld.cooked_beetroot":1,"stat.drop.minecraft.milk_bucket":2,"stat.pickup.cqrepoured.chestplate_heavy_iron":1,"stat.craftItem.treasure2.treasure_tool":1,"arix.kill":15,"stat.drop.minecraft.bone":15,"stat.craftItem.minecraft.wooden_button":5,"stat.useItem.minecraft.furnace":5,"stat.drop.wizardrygolems.golemancy_spell_book":1,"stat.drop.iceandfire.bestiary":1,"stat.mineBlock.byg.cyan_amaranth":1,"stat.pickup.minecraft.iron_leggings":8,"stat.craftItem.vanillafoodpantry.wolf_cooked":5,"stat.mineBlock.minecraft.gravel":59,"stat.pickup.farlanders.endumium_crystal":3,"stat.craftItem.mocreatures.medallion":1,"arisaur.kill":4,"stat.craftItem.lycanitesmobs.waterjetcharge":4,"stat.drop.minecraft.iron_axe":1,"stat.pickup.megaloot.weaponcase_rare":1,"stat.pickup.rustic.bee":2,"stat.useItem.minecraft.torch":406,"stat.pickup.ebwizardry.range_upgrade":1,"stat.pickup.minecraft.golden_apple":8,"stat.craftItem.mysticalworld.silk_thread":26,"stat.pickup.minecraft.iron_nugget":8,"stat.useItem.harvestcraft.spiceleafitem":1,"stat.craftItem.minecraft.redstone_block":1,"stat.pickup.minecraft.crafting_table":4,"stat.useItem.minecraft.log":7,"stat.craftItem.minecraft.crafting_table":8,"stat.killEntity.grimoireofgaia.arachne":1,"stat.pickup.mocreatures.venisonraw":3,"stat.pickup.minecraft.iron_hoe":4,"stat.mineBlock.ebwizardry.crystal_ore":22,"stat.mineBlock.minecraft.emerald_ore":8,"stat.pickup.minecraft.redstone_block":1,"stat.useItem.minecraft.cooked_fish":91,"stat.craftItem.harvestcraft.melonjuiceitem":2,"stat.drop.minecraft.stonebrick":4,"stat.pickup.jjskill.justice_sword":1,"stat.drop.minecraft.planks":33,"stat.pickup.minecraft.sapling":50,"stat.drop.minecraft.melon_seeds":2,"stat.craftItem.iceandfire.bestiary":1,"stat.drop.minecraft.bow":5,"stat.pickup.minecraft.beetroot":7,"stat.craftItem.harvestcraft.freshmilkitem":24,"stat.drop.minecraft.golden_chestplate":2,"stat.craftItem.lycanitesmobs.cooked_chupacabra_meat":33,"stat.killEntity.WitherSkeleton":32,"stat.mineBlock.mod_lavacow.glowshroom":4,"stat.useItem.minecraft.wooden_pressure_plate":1,"stat.pickup.lycanitesmobs.lifedraincharge":6,"stat.pickup.treasure2.wood_key":4,"stat.drop.lycanitesmobs.cooked_chupacabra_meat":1,"stat.pickup.harvestcraft.juteitem":1,"stat.pickup.harvestcraft.tealeafitem":4,"stat.pickup.rustic.chili_pepper_seeds":4,"stat.pickup.minecraft.rabbit":1,"stat.drop.minecraft.bucket":5,"stat.craftItem.vanillafoodpantry.fried_egg_sandwich":3,"stat.useItem.minecraft.baked_potato":53,"stat.drop.minecraft.yellow_flower":1,"stat.pickup.minecraft.stone_slab":10,"stat.pickup.minecraft.yellow_flower":4,"stat.useItem.minecraft.fishing_rod":21,"stat.drop.minecraft.stone_pickaxe":2,"stat.pickup.minecraft.bone":384,"stat.useItem.minecraft.mushroom_stew":5,"stat.pickup.spartanweaponry.longsword_iron":1,"stat.horseOneCm":81014,"stat.drop.lycanitesmobs.cooked_silex_meat":6,"stat.pickup.vanillafoodpantry.milkdrink":1,"stat.killEntity.ancientspellcraft:wolf_minion":2,"stat.craftItem.mocreatures.woolball":1,"stat.useItem.harvestcraft.tealeafitem":3,"stat.mineBlock.minecraft.brown_mushroom":5,"stat.pickup.jjskill.precious_bow":8,"stat.useItem.minecraft.diamond_sword":348,"stat.craftItem.minecraft.diamond_helmet":1,"stat.pickup.rustic.ginseng":3,"stat.climbOneCm":93259,"stat.drop.lycanitesmobs.sprigganheart":1,"trite.kill":10,"stat.pickup.minecraft.golden_helmet":1,"stat.useItem.locks.iron_lock_pick":30,"stat.useItem.rustic.slate":2,"stat.craftItem.minecraft.trapdoor":2,"stat.pickup.rustic.cohosh":2,"stat.pickup.spartanshields.shield_basic_gold":2,"stat.craftItem.minecraft.stone_pickaxe":1,"stat.pickup.minecraft.cobblestone":655,"stat.craftItem.minecraft.glass_bottle":3,"stat.drop.lycanitesmobs.imptreat":2,"stat.useItem.minecraft.cooked_beef":211,"stat.pickup.byg.redwoodlog":15,"stat.drop.minecraft.clay_ball":4,"stat.mineBlock.treasure2.iron_strongbox":1,"stat.pickup.minecraft.redstone":22,"stat.mineBlock.minecraft.iron_ore":174,"stat.craftItem.mysticalworld.cooked_carrot":12,"stat.drop.minecraft.name_tag":1,"stat.drop.rustic.chili_pepper_seeds":1,"stat.pickup.minecraft.mossy_cobblestone":2,"stat.pickup.lycanitesmobs.frostyfur":3,"stat.drop.minecraft.iron_bars":18,"stat.pickup.treasure2.ruby_silver_bracelet":1,"stat.drop.minecraft.dirt":17,"stat.useItem.minecraft.cooked_porkchop":46,"stat.pickup.minecraft.iron_shovel":2,"stat.pickup.lycanitesmobs.whirlwindcharge":3,"stat.pickup.minecraft.carpet":2,"stat.pickup.minecraft.trapdoor":4,"stat.useItem.jjskill.justice_sword":70,"stat.pickup.vanillafoodpantry.natron_crystals":4,"stat.craftItem.lycanitesmobs.cooked_krake_meat":14,"stat.craftItem.lycanitesmobs.undeadtreat":8,"makaalpha.kill":1,"stat.useItem.minecraft.spruce_fence":77,"stat.useItem.grimoireofgaia.food_root":1,"stat.pickup.minecraft.paper":19,"stat.pickup.mod_lavacow.parasite_item_cooked":1,"stat.craftItem.minecraft.stick":376,"stat.pickup.jjskill.arcane_spear":1,"stat.craftItem.minecraft.gold_nugget":9,"stat.pickup.harvestcraft.barleyitem":1,"stat.killEntity.myrmex_soldier":1,"stat.useItem.harvestcraft.turnipitem":9,"stat.pickup.minecraft.golden_horse_armor":5,"stat.pickup.minecraft.diamond_chestplate":2,"stat.mineBlock.minecraft.planks":15,"stat.drop.megaloot.weaponsword":2,"stat.drop":910,"stat.useItem.vanillafoodpantry.water_bottle":1,"stat.drop.treasure2.diamond_charm":1,"stat.pickup.exoticbirds.emperorpenguin_egg":2,"stat.drop.ebwizardry.spectral_dust":1,"stat.killEntity.Sheep":16,"stat.drop.minecraft.iron_boots":3,"stat.pickup.minecraft.golden_chestplate":4,"stat.pickup.lycanitesmobs.frostweaverleg":1,"stat.drop.minecraft.bread":7,"stat.drop.ebwizardry.scroll":4,"stat.killEntity.toroquest_guard":8,"stat.pickup.harvestcraft.garlicitem":9,"stat.drop.minecraft.nether_wart":4,"stat.killEntity.cod":10,"stat.drop.solcarrot.food_book":3,"stat.pickup.mysticalworld.copper_helmet":4,"stat.drop.treasure2.leaf_key":1,"stat.drop.minecraft.cooked_beef":50,"stat.craftItem.treasure2.jeweler_bench":1,"stat.useItem.minecraft.apple":58,"stat.drop.minecraft.chainmail_helmet":3,"stat.drop.ancientspellcraft.ancient_spellcraft_spell_book":1,"stat.useItem.minecraft.potion":16,"stat.pickup.harvestcraft.blackberryitem":6,"stat.craftItem.travelersbackpack.backpack_tank":3,"stat.useItem.minecraft.stone_axe":238,"stat.mineBlock.harvestcraft.shadedgarden":12,"stat.pickup.byg.scoria":4,"stat.craftItem.minecraft.iron_helmet":5,"stat.drop.minecraft.glass":7,"stat.pickup.mod_lavacow.glowshroom":4,"stat.craftItem.solcarrot.food_book":2,"stat.craftItem.toughasnails.wool_helmet":1,"stat.boatOneCm":45254759,"stat.craftItem.minecraft.flint_and_steel":1,"stat.pickup.rustic.tomato_seeds":1,"ioray.kill":2,"stat.pickup.mca.staff_of_life":1,"stat.mineBlock.minecraft.stone_stairs":38,"stat.mineBlock.minecraft.furnace":9,"stat.pickup.minecraft.prismarine_shard":2,"stat.mineBlock.iceandfire.chared_cobblestone":12,"stat.drop.minecraft.water_bucket":2,"stat.useItem.harvestcraft.beetitem":1,"stat.pickup.mod_lavacow.chitin":4,"stat.useItem.ebwizardry.apprentice_wand":2,"stat.useItem.lycanitesmobs.cooked_arisaur_meat":1,"stat.killEntity.CaveSpider":20,"stat.useItem.tombstone.grave_key":25,"stat.damageDealt":152438,"stat.mineBlock.byg.pinkanemone":17,"stat.craftItem.minecraft.bowl":12,"stat.mineBlock.minecraft.nether_brick_stairs":2,"stat.pickup.minecraft.stick":58,"argus.kill":1,"spriggan.kill":2,"bobeko.kill":2,"stat.drop.treasure2.silver_coin":3,"stat.craftItem.locks.diamond_lock_pick":2,"stat.craftItem.jjskill.skill_book":1,"stat.craftItem.minecraft.diamond_boots":1,"stat.useItem.treasure2.iron_key":1,"stat.useItem.vanillafoodpantry.bowl_water":23,"stat.pickup.harvestcraft.zucchiniitem":5,"stat.pickup.lycanitesmobs.cooked_silex_meat":2,"stat.pickup.iceandfire.myrmex_resin_sticky":1,"stat.pickup.minecraft.chorus_fruit":24,"stat.mineBlock.byg.brownbirchleaves":4,"stat.drop.ancientspellcraft.ritual_book":2,"stat.pickup.mod_lavacow.sharptooth":5,"stat.pickup.lycanitesmobs.cooked_arisaur_meat":1,"stat.killEntity.ebwizardry:spirit_wolf":2,"stat.drop.minecraft.crafting_table":1,"stat.pickup.ebwizardry.runestone":14,"stat.drop.minecraft.filled_map":1,"stat.pickup.ebwizardry.wizard_handbook":1,"stat.drop.harvestcraft.sweetpotatoitem":4,"stat.useItem.minecraft.golden_apple":11,"belph.kill":5,"stat.mineBlock.minecraft.leaves":123,"stat.useItem.harvestcraft.broccoliitem":1,"stat.pickup.vanillafoodpantry.ink_pearl_shard":3,"stat.mineBlock.minecraft.bone_block":3,"stat.drop.artifacts.drinking_hat":1,"stat.drop.ancientspellcraft.blank_rune":1,"pixen.kill":4,"stat.drop.minecraft.dark_oak_boat":2,"stat.useItem.rustic.cohosh":1,"stat.pickup.exoticbirds.bluejay_egg":2,"stat.leaveGame":54,"stat.useItem.harvestcraft.calamaricookeditem":8,"stat.useItem.rustic.chair_spruce":7,"stat.entityKilledBy.toroquest_sentry":2,"stat.craftItem.minecraft.string":51,"stat.killEntity.PigZombie":8,"stat.drop.mocreatures.medallion":2,"stat.craftItem.minecraft.shield":1,"stat.craftItem.harvestcraft.calamaricookeditem":5,"stat.drop.minecraft.feather":1,"stat.entityKilledBy.PigZombie":5,"stat.pickup.harvestcraft.calamarirawitem":7,"stat.pickup.toughasnails.wool_chestplate":3,"stat.pickup.treasure2.iron_strongbox":1,"stat.pickup.ancientspellcraft.blank_rune":1,"silex.kill":12,"stat.pickup.mod_lavacow.parasite_item":4,"stat.pickup.exoticbirds.eggshell":3,"stat.pickup.iceandfire.witherbone":10,"stat.pickup.iceandfire.chared_cobblestone":25,"stat.mineBlock.minecraft.wooden_slab":1,"stat.pickup.minecraft.leather_boots":11,"stat.useItem.locks.wood_lock_pick":51,"stat.entityKilledBy.artifacts.mimic":1,"stat.pickup.harvestcraft.radishitem":14,"stat.drop.minecraft.sand":8,"stat.drop.artifacts.bubble_wrap":1,"stat.drop.minecraft.gold_ingot":4,"stat.craftItem.minecraft.wooden_pickaxe":1,"stat.craftItem.minecraft.iron_door":6,"stat.useItem.minecraft.iron_shovel":25,"stat.drop.minecraft.chainmail_leggings":4,"stat.pickup.harvestcraft.rhubarbitem":4,"stat.drop.minecraft.cooked_mutton":6,"stat.useItem.ebwizardry.magic_wand":11,"stat.craftItem.minecraft.bed":2,"stat.useItem.harvestcraft.peasitem":1,"stat.pickup.harvestcraft.onionitem":1,"stat.useItem.harvestcraft.quinoaitem":1,"stat.mineBlock.minecraft.vine":26,"stat.craftItem.ebwizardry.apprentice_necromancy_wand":1,"stat.drop.minecraft.gravel":3,"stat.entityKilledBy.toroquest_guard":1,"stat.drop.minecraft.red_flower":7,"stat.killEntity.mod_lavacow.mimic":6,"stat.pickup.minecraft.beef":204,"stat.pickup.ebwizardry.arcane_tome":2,"stat.pickup.exoticbirds.pigeon_egg":6,"stat.pickup.minecraft.leather_helmet":5,"stat.useItem.minecraft.trapdoor":2,"stat.mineBlock.minecraft.stained_hardened_clay":3,"stat.useItem.minecraft.dark_oak_door":1,"stat.pickup.vanillafoodpantry.heat_portion":86,"stat.pickup.minecraft.potion":4,"stat.pickup.tombstone.scroll_buff":2,"stat.mineBlock.rustic.chair_spruce":4,"stat.useItem.minecraft.wooden_button":2,"stat.pickup.ancientspellcraft.crystal_shard_ice":16,"stat.pickup.lycanitesmobs.tricksterflarecharge":10,"stat.pickup.lycanitesmobs.imptreat":4,"stat.useItem.minecraft.dye":54,"stat.pickup.lycanitesmobs.raw_krake_meat":21,"stat.craftItem.toughasnails.wool_chestplate":3,"stat.killEntity.cqr_skeleton":48,"stat.useItem.minecraft.nether_brick":13,"stat.craftItem.byg.palm_planks":24,"stat.drop.minecraft.glass_bottle":15,"stat.drop.minecraft.torch":17,"stat.killEntity.rainbow_golem":1,"stat.mineBlock.minecraft.tallgrass":34,"stat.useItem.minecraft.splash_potion":5,"stat.useItem.minecraft.cooked_rabbit":3,"stat.drop.jjskill.skill_book":1,"stat.drop.toughasnails.purified_water_bottle":1,"stat.useItem.minecraft.stone":6,"stat.pickup.minecraft.arrow":402,"stat.drop.treasure2.iron_key":1,"stat.drop.minecraft.iron_pickaxe":2,"stat.drop.tombstone.lost_tablet":1,"stat.useItem.mocreatures.crabcooked":2,"stat.killEntity.toroquest_zombie_raider":2,"stat.useItem.lycanitesmobs.cooked_yale_meat":3,"stat.drop.harvestcraft.beanitem":1,"stat.mineBlock.minecraft.chest":1,"stat.pickup.minecraft.painting":7,"stat.killEntity.mocreatures:ant":1,"stat.craftItem.minecraft.hopper":1,"stat.killEntity.toroquest_village_lord":4,"stat.drop.exoticbirds.eggshell":3,"stat.pickup.useless_sword.endermanscale":3,"chupacabra.kill":24,"stat.pickup.minecraft.wheat_seeds":75,"stat.craftItem.vanillafoodpantry.heat_portion":192,"stat.mineBlock.minecraft.glass":14,"stat.craftItem.lycanitesmobs.spectralboltcharge":4,"stat.pickup.lycanitesmobs.wargskull":1,"djinn.kill":3,"stat.mineBlock.minecraft.dirt":322,"stat.mineBlock.byg.mahogany_leaves":9,"stat.pickup.toughasnails.ice_cube":1,"stat.useItem.minecraft.bread":25,"stat.useItem.minecraft.cobblestone":224,"stat.useItem.lycanitesmobs.cooked_krake_meat":8,"stat.useItem.minecraft.gravel":3,"stat.mineBlock.minecraft.double_plant":7,"stat.pickup.toroquest.artifact_red":3,"reiver.kill":1,"stat.killEntity.exoticbirds.booby":1,"stat.pickup.mocreatures.medallion":6,"stat.craftItem.sereneseasons.season_clock":1,"stat.mineBlock.byg.iris":1,"stat.useItem.lycanitesmobs.bulwark_burger":2,"stat.craftItem.minecraft.gold_ingot":21,"stat.drop.vanillafoodpantry.red_flint":2,"stat.pickup.minecraft.apple":4,"stat.pickup.locks.wood_lock_pick":25,"stat.craftItem.lycanitesmobs.cooked_bobeko_meat":10,"stat.pickup.iceandfire.myrmex_jungle_biolight":1,"stat.drop.tombstone.scroll_buff":2,"stat.drop.ebwizardry.arcane_tome":1,"stat.drop.paraglider.paraglider":1,"stat.mineBlock.minecraft.log":193,"stat.mineBlock.farlanders.endumium_ore":1,"stat.useItem.minecraft.spruce_door":3,"stat.pickup.minecraft.red_flower":34,"stat.pickup.mod_lavacow.mimic_claw_cooked":1,"stat.pickup.minecraft.wool":89,"stat.mineBlock.byg.purplesage":1,"ent.kill":1,"stat.useItem.minecraft.chorus_fruit":31,"stat.useItem.minecraft.wooden_axe":24,"stat.drop.travelersbackpack.backpack_tank":1,"stat.drop.vanillafoodpantry.heat_portion":7,"stat.cakeSlicesEaten":22,"stat.pickup.lycanitesmobs.sprigganheart":1,"stat.craftItem.minecraft.cooked_rabbit":4,"stat.pickup.mocreatures.woolball":8,"stat.useItem.minecraft.iron_axe":197,"stat.pickup.mysticalworld.silk_cocoon":39,"stat.mineBlock.minecraft.yellow_flower":3,"stat.mineBlock.iceandfire.chared_stone":13,"stat.pickup.mocreatures.venisoncooked":1,"stat.pickup.mysticalworld.fish_and_chips":9,"stat.craftItem.minecraft.wool":18,"stat.pickup.rustic.chair_spruce":4,"stat.pickup.mocreatures.fur":1,"stat.pickup.minecraft.enchanted_book":1,"stat.drop.vanillafoodpantry.milkdrink":1,"stat.useItem.harvestcraft.tomatoitem":3,"stat.useItem.minecraft.cookie":18,"stat.pickup.minecraft.bow":11,"stat.craftItem.minecraft.dark_oak_door":3,"stat.mineBlock.byg.palm_log":8,"stat.drop.mca.staff_of_life":1,"stat.craftItem.davincisvessels.marker":2,"stat.craftItem.minecraft.spruce_boat":1,"stat.pickup.harvestcraft.broccoliitem":1,"stat.craftItem.minecraft.cooked_beef":194,"stat.mineBlock.byg.redwoodlog":25,"stat.mineBlock.minecraft.obsidian":2,"stat.drop.lycanitesmobs.geistliver":3,"stat.drop.ebwizardry.advanced_wand":3,"stat.flyOneCm":2398704,"stat.pickup.rustic.honeycomb":1,"stat.pickup.minecraft.nether_brick_stairs":2,"stat.pickup.minecraft.fish":74,"stat.pickup.rustic.slate":3,"stat.pickup.byg.woodenmortar":1,"stat.timeSinceDeath":16613,"stat.cauldronFilled":2,"stat.mineBlock.rustic.cohosh":1,"stat.pickup.ebwizardry.arcane_workbench":1,"stat.craftItem.ebwizardry.magic_crystal":32,"stat.killEntity.mod_lavacow.parasite":39,"stat.pickup.exoticbirds.peafowl_egg":1,"stat.pickup.harvestcraft.whitemushroomitem":4,"stat.pickup.travelersbackpack.travelers_backpack":31,"stat.pickup.harvestcraft.beanitem":2,"stat.useItem.minecraft.potato":2,"stat.pickup.minecraft.chainmail_helmet":11,"stat.pickup.minecraft.nether_wart":8,"stat.pickup.ebwizardry.firebomb":1,"stat.pickup.minecraft.spruce_fence":32,"stat.killEntity.Wolf":3,"stat.mineBlock.minecraft.coal_ore":74,"stat.drop.cqrepoured.great_sword_iron":2,"stat.pickup.minecraft.shield":13,"stat.talkedToVillager":140,"stat.pickup.minecraft.string":205,"stat.pickup.lycanitesmobs.stryderheart":1,"stat.pickup.artifacts.star_cloak":2,"stat.mineBlock.minecraft.ladder":3,"stat.useItem.minecraft.milk_bucket":12,"stat.pickup.minecraft.bone_block":4,"stat.killEntity.ebwizardry:evil_wizard":5,"stat.mineBlock.minecraft.diamond_ore":3,"stat.pickup.farlanders.ender_horn":7,"stat.pickup.harvestcraft.quinoaitem":1,"stat.craftItem.minecraft.wooden_pressure_plate":3,"stat.mineBlock.vanillafoodpantry.rock_salt_ore":8,"stat.useItem.harvestcraft.zucchiniitem":1,"stat.useItem.spartanweaponry.longsword_iron":23,"stat.drop.ebwizardry.crystal_flower":14,"stat.useItem.cqrepoured.great_sword_iron":28,"stat.pickup.minecraft.snowball":16,"stat.pickup.iceandfire.chared_dirt":1,"stat.diveOneCm":1137244,"stat.useItem.vanillafoodpantry.wolf_cooked":7,"stat.pickup.minecraft.stone_axe":4,"abaia.kill":3,"stat.craftItem.vanillafoodpantry.bowl_water":24,"stat.useItem.minecraft.rotten_flesh":10,"stat.drop.minecraft.apple":2,"stat.jump":18353,"stat.craftItem.rustic.tallow":3,"stat.craftItem.davincisvessels.floater":17,"stat.craftItem.minecraft.torch":60,"stat.useItem.minecraft.glass":9,"stat.pickup.minecraft.stone_shovel":1,"roc.kill":10,"stat.pickup.lycanitesmobs.poisongland":4,"stat.pickup.minecraft.gold_ore":40,"stat.useItem.minecraft.sapling":14,"reaper.kill":7,"stat.useItem.mysticalworld.cooked_squid":7,"stat.damageTaken":78959,"stat.pickup.ebwizardry.scroll":4,"stat.useItem.harvestcraft.radishitem":3,"stat.mineBlock.minecraft.sapling":1,"stat.pickup.ebwizardry.crystal_flower":41,"stat.pickup.minecraft.log2":22,"stat.pickup.minecraft.bed":7,"stat.cauldronUsed":2,"stat.pickup.minecraft.quartz_block":23,"stat.pickup.vanillafoodpantry.oak_acorn":1,"stat.pickup.minecraft.potato":3,"stat.useItem.forge.bucketfilled":9,"stat.entityKilledBy.Zombie":1,"stat.pickup.exoticbirds.birdmeat":16,"stat.drop.rustic.ginseng":3,"stat.mineBlock.davincisvessels.seat":2,"stat.pickup.ancientspellcraft.astral_diamond_shard":1,"stat.pickup.artifacts.bubble_wrap":1,"stat.animalsBred":60,"stat.useItem.minecraft.chest":24,"stat.pickup.toroquest.artifact_yellow":1,"stat.useItem.lycanitesmobs.bucketmoglava":1,"stat.pickup.mysticalworld.copper_ore":1,"stat.pickup.megaloot.weaponbow":2,"stat.pickup.mod_lavacow.mimic_claw":6,"stat.pickup.harvestcraft.celeryitem":2,"stat.craftItem.locks.wood_lock_pick":45,"stat.useItem.megaloot.tool_axe":1,"stat.pickup.vanillafoodpantry.small_bone":2,"stat.drop.mod_lavacow.piranha_cooked":1,"stat.useItem.harvestcraft.scallionitem":1,"stat.craftItem.minecraft.iron_chestplate":2,"stat.pickup.minecraft.baked_potato":20,"stat.pickup.minecraft.ender_pearl":51,"stat.pickup.tombstone.familiar_receptacle":5,"stat.pickup.minecraft.ladder":1,"tombstone:eaten_lollipop":3,"stat.craftItem.travelersbackpack.sleeping_bag_bottom":1,"stat.mineBlock.minecraft.tnt":5,"stat.mineBlock.minecraft.stonebrick":67,"stat.useItem.rustic.table_spruce":8,"stat.pickup.vanillafoodpantry.bowl_water":4,"stat.drop.minecraft.cookie":1,"stat.pickup.harvestcraft.queenbeeitem":2,"stat.killEntity.stymphalianbird":1,"stat.drop.tombstone.magic_scroll":2,"stat.drop.ebwizardry.spark_bomb":1,"stat.pickup.artifacts.whoopie_cushion":6,"stat.pickup.minecraft.torch":182,"stat.killEntity.ebwizardry:remnant":2,"stat.craftItem.lycanitesmobs.cooked_yale_meat":3,"stat.drop.minecraft.stone_axe":2,"stat.pickup.minecraft.spruce_boat":1,"stat.useItem.harvestcraft.huckleberryitem":2,"stat.pickup.solcarrot.food_book":2,"stat.pickup.blocklings.blockling":1,"stat.pickup.ebwizardry.resplendent_thread":1,"stat.pickup.ancientspellcraft.ritual_book":2,"stat.pickup.mod_lavacow.cursed_fabric":3,"stat.drop.minecraft.trapdoor":2,"stat.pickup.minecraft.fishing_rod":2,"stat.useItem.minecraft.planks":278,"stat.useItem.tombstone.familiar_stone":18,"stat.craftItem.davincisvessels.seat":1,"stat.useItem.minecraft.nether_brick_stairs":1,"stat.pickup.minecraft.blaze_powder":2,"stat.pickup.minecraft.glass":2,"stat.pickup.megaloot.weaponsword":4,"stat.drop.ebwizardry.magic_crystal":16,"stat.pickup.iceandfire.stymphalian_bird_feather":3,"stat.useItem.minecraft.water_bucket":124,"stat.drop.travelersbackpack.travelers_backpack":4,"stat.pickup.cqrepoured.sword_walker":1,"stat.pickup.minecraft.sand":75,"stat.craftItem.minecraft.golden_apple":1,"stat.entityKilledBy.Spider":3,"stat.pickup.iceandfire.bestiary":1,"stat.pickup.minecraft.name_tag":2,"stat.pickup.spartanweaponry.katana_iron":1,"stat.aviateOneCm":288846,"stat.useItem.minecraft.ender_pearl":4,"stat.entityKilledBy.firedragon":3,"stat.mineBlock.byg.scoria":53,"stat.drop.harvestcraft.freshmilkitem":4,"stat.craftItem.minecraft.cooked_fish":72,"stat.drop.megaloot.weaponcase_common":1,"stat.killEntity.mocreatures:deer":2,"remobra.kill":1,"stat.useItem.megaloot.weaponbow":17,"stat.drop.mysticalworld.silkworm_egg":2,"stat.useItem.minecraft.spawn_egg":7,"stat.pickup.vanillafoodpantry.wolf_raw":5,"stat.craftItem.lycanitesmobs.lifedraincharge":8,"stat.craftItem.rustic.chandelier":2,"stat.useItem.harvestcraft.leekitem":1,"stat.drop.cqrepoured.hookshot":3,"stat.craftItem.ebwizardry.arcane_workbench":1,"stat.drop.lycanitesmobs.spectralboltcharge":6,"stat.pickup.vanillafoodpantry.tainted_villager_soul":2,"stat.pickup.harvestcraft.turnipitem":24,"stat.mineBlock.minecraft.birch_stairs":1,"stat.pickup.minecraft.filled_map":2,"stat.mineBlock.ebwizardry.runestone":7,"stat.pickup.minecraft.furnace":10,"stat.mineBlock.minecraft.redstone_lamp":2,"stat.pickup.exoticbirds.crane_egg":1,"stat.drop.jjskill.bottle_skill_exp":29,"stat.drop.ebwizardry.ruined_spell_book":1,"stat.pickup.minecraft.iron_chestplate":7,"stat.pickup.minecraft.skull":4,"stat.useItem.spartanweaponry.saber_iron":230,"stat.pickup.tombstone.magic_scroll":13,"stat.useItem.harvestcraft.blackberryitem":3,"stat.useItem.harvestcraft.melonjuiceitem":2,"stat.useItem.minecraft.pumpkin_pie":2,"stat.drop.byg.pinkanemone":2,"stat.playOneMinute":3661325,"stat.drop.minecraft.string":14,"stat.pickup.minecraft.iron_bars":51,"stat.drop.spartanweaponry.spear_iron":1,"stat.drop.vanillafoodpantry.rock_salt_crystals":3,"stat.drop.minecraft.ice":5,"stat.pickup.harvestcraft.tomatoitem":10,"stat.craftItem.minecraft.carpet":3,"stat.pickup.locks.iron_lock":1,"stat.drop.mocreatures.woolball":3,"stat.drop.minecraft.flint":2,"stat.mineBlock.rustic.slate":4,"stat.killEntity.toroquest_sentry":16,"stat.craftItem.minecraft.iron_nugget":9,"stat.fallOneCm":716079,"stat.drop.minecraft.dye":14,"stat.pickup.artifacts.pocket_piston":1,"stat.craftItem.minecraft.chest":44,"stat.pickup.toroquest.royal_helmet":3,"stat.pickup.minecraft.red_mushroom":17,"stat.pickup.vanillafoodpantry.water_bottle":1,"stat.useItem.minecraft.iron_hoe":93,"stat.pickup.treasure2.leaf_key":1,"jengu.kill":3,"stat.craftItem.mod_lavacow.piranha_cooked":2,"stat.pickup.minecraft.feather":23,"stat.drop.minecraft.iron_leggings":2,"gnekk.kill":6,"stat.mineBlock.minecraft.spruce_fence":33,"stat.craftItem.elderarsenal.iron_shield":1,"stat.pickup.minecraft.lead":9,"stat.useItem.minecraft.stone_pickaxe":270,"stat.drop.mocreatures.fur":1,"stat.craftItem.minecraft.iron_leggings":3,"stat.pickup.vanillafoodpantry.red_flint":4,"stat.craftItem.vanillafoodpantry.fried_egg":7,"stat.craftItem.locks.key_blank":1,"stat.craftItem.tombstone.decorative_grave_cross":1,"stat.pickup.minecraft.chainmail_boots":2,"stat.drop.minecraft.stick":3,"stat.useItem.minecraft.iron_bars":3,"stat.pickup.minecraft.record_11":3,"stat.drop.tombstone.crafting_ingredient":9,"stat.useItem.exoticbirds.emperorpenguin_egg":2,"stat.pickup.ancientspellcraft.crystal_silver_nugget":1,"stat.killEntity.LavaSlime":4,"stat.pickup.minecraft.log":414,"stat.pickup.treasure2.silver_ring":1,"stat.mineBlock.harvestcraft.pammaple":15,"stat.drop.cqrepoured.helmet_heavy_iron":1,"stat.mineBlock.byg.zelkovaleaves":1,"stat.pickup.exoticbirds.lyrebird_egg":1,"stat.pickup.minecraft.chainmail_leggings":19,"stat.pickup.minecraft.wooden_door":2,"stat.killEntity.ancientspellcraft:skeleton_mage":5,"stat.drop.vanillafoodpantry.fried_egg_sandwich":2,"stat.pickup.spartanweaponry.spear_iron":2,"stat.pickup.minecraft.diamond_helmet":3,"stat.pickup.harvestcraft.rutabagaitem":1,"stat.craftItem.minecraft.cooked_chicken":4,"stat.pickup.lycanitesmobs.cleansingcrystal":1,"stat.sneakTime":72820,"stat.mineBlock.minecraft.cobblestone_wall":1,"stat.drop.vanillafoodpantry.bowl_water":3,"stat.useItem.minecraft.beetroot":2,"stat.pickup.minecraft.chest":4,"stat.craftItem.mocreatures.crabcooked":2,"stat.pickup.ancientspellcraft.ancient_spellcraft_scroll":3,"stat.useItem.harvestcraft.garlicitem":3,"stat.drop.minecraft.beetroot":3,"stat.craftItem.toughasnails.fruit_juice":1,"stat.pickup.megaloot.tool_shovel":3,"stat.pickup.jjskill.fatal_bow":1,"stat.drop.minecraft.leather_helmet":3,"stat.pickup.artifacts.drinking_hat":3,"stat.pickup.davincisvessels.marker":1,"stat.useItem.mysticalworld.fish_and_chips":5,"stat.craftItem.minecraft.iron_trapdoor":2,"stat.swimOneCm":584357,"strider.kill":2,"stat.drop.minecraft.brown_mushroom":6,"stat.craftItem.toughasnails.wool_leggings":2,"stat.useItem.minecraft.dirt":93,"stat.pickup.jjskill.curved_bow":1,"stat.pickup.spartanweaponry.rapier_iron":1,"vapula.kill":1,"stat.drop.locks.wood_lock_pick":1,"stat.killEntity.artifacts.mimic":7,"stat.drop.minecraft.ender_pearl":2,"stat.useItem.lycanitesmobs.cooked_bobeko_meat":10,"stat.pickup.spartanweaponry.glaive_stone":1,"stat.mineBlock.minecraft.carpet":1,"stat.mineBlock.minecraft.redstone_block":2,"stat.craftItem.lycanitesmobs.bloodleechcharge":4,"stat.pickup.minecraft.glass_bottle":7,"stat.drop.minecraft.wheat_seeds":3,"stat.craftItem.toughasnails.charcoal_filter":6,"stat.pickup.harvestcraft.leekitem":4,"stat.useItem.minecraft.sign":2,"stat.pickup.minecraft.mutton":51,"stat.mineBlock.ebwizardry.arcane_workbench":1,"stat.mineBlock.byg.overgrown_stone":7,"stat.pickup.minecraft.wooden_axe":2,"stat.mineBlock.minecraft.coal_block":1,"stat.pickup.minecraft.dark_oak_door":2,"stat.pickup.minecraft.stonebrick":47,"stat.useItem.exoticbirds.pigeon_egg":3,"stat.pickup.minecraft.redstone_lamp":2,"krake.kill":10,"stat.pickup.ebwizardry.magic_crystal":70,"stat.mineBlock.minecraft.nether_brick":21,"stat.drop.exoticbirds.mystery_egg":2,"stat.useItem.mocreatures.venisoncooked":3,"stat.pickup.harvestcraft.calamaricookeditem":3,"stat.pickup.vanillafoodpantry.rock_salt_crystals":19,"frostweaver.kill":2,"stat.craftItem.minecraft.stone_slab2":0,"stat.pickup.mysticalworld.cooked_squid":1,"stat.pickup.tombstone.lost_tablet":1,"stat.drop.minecraft.potion":6,"stat.pickup.paraglider.paraglider":1,"stat.useItem.minecraft.stone_slab":7,"stat.craftItem.minecraft.stone":39,"stat.mineBlock.minecraft.crafting_table":3,"stat.mineBlock.minecraft.quartz_block":26,"stat.useItem.minecraft.diamond_pickaxe":972,"stat.useItem.minecraft.carrot":14,"stat.useItem.minecraft.wooden_shovel":59,"stat.drop.tombstone.fishing_rod_of_misadventure":1,"stat.drop.minecraft.golden_apple":2,"stat.useItem.waystones.bound_scroll":1,"stat.pickup.ebwizardry.spark_bomb":1,"stat.pickup.minecraft.slime_ball":14,"stat.craftItem.minecraft.diamond_pickaxe":1,"stat.pickup.lycanitesmobs.raw_yale_meat":3,"stat.pickup.artifacts.bottled_cloud":1,"stat.craftItem.lycanitesmobs.bulwark_burger":2,"stat.craftItem.mysticalworld.cooked_squid":6,"stat.killEntity.toroquest_zombie_villager_raider":1,"stat.pickup.minecraft.gravel":32,"stat.useItem.minecraft.glass_bottle":6,"stat.pickup.toughasnails.charcoal_filter":1,"stat.pickup.harvestcraft.kohlrabiitem":1,"stat.mineBlock.byg.aspen_log":6,"stat.drop.minecraft.cooked_porkchop":4,"stat.pickup.minecraft.stone_brick_stairs":3,"stat.pickup.minecraft.diamond_sword":4,"stat.pickup.byg.soapstone":69,"stat.useItem.minecraft.wooden_hoe":24,"stat.pickup.minecraft.iron_helmet":12,"stat.craftItem.rustic.table_spruce":10,"stat.entityKilledBy.CaveSpider":1,"stat.pickup.minecraft.spider_eye":45,"stat.useItem.rustic.chandelier":1,"stat.pickup.byg.purplesage":7,"stat.mineBlock.harvestcraft.frostgarden":3,"stat.useItem.minecraft.cooked_chicken":29,"stat.pickup.minecraft.iron_ore":180,"stat.mineBlock.mca.rose_gold_ore":2,"stat.drop.minecraft.pumpkin_pie":1,"stat.useItem.exoticbirds.bluejay_egg":1,"stat.mineBlock.minecraft.iron_bars":36,"stat.pickup.treasure2.iron_key":2,"stat.pickup.minecraft.leaves":1,"stat.pickup.minecraft.leather":109,"stat.drop.minecraft.iron_hoe":1,"stat.pickup.lycanitesmobs.raw_maka_meat":2,"stat.useItem.minecraft.wooden_pickaxe":60,"stat.drop.toroquest.bandit_helmet":4,"stat.pickup.minecraft.prismarine_crystals":1,"stat.pickup.minecraft.reeds":22,"tombstone:undead_killed":507,"stat.pickup.spartanweaponry.mace_stone":1,"stat.craftItem.minecraft.glass":56,"stat.drop.minecraft.cooked_chicken":3,"stat.pickup.byg.amaranth":1,"stat.killEntity.bound_soul":5,"stat.craftItem.minecraft.cauldron":1,"stat.sleepInBed":38,"stat.craftItem.minecraft.baked_potato":35,"stat.killEntity.Cow":46,"stat.pickup.mysticalworld.amethyst_gem":7,"stat.pickup.cqrepoured.great_sword_iron":2,"stat.walkOneCm":13318958,"stat.pickup.minecraft.clay_ball":23,"stat.useItem.minecraft.spruce_boat":1,"stat.drop.minecraft.diamond_axe":1,"stat.pickup.minecraft.tnt":5,"stat.drop.minecraft.iron_chestplate":4,"stat.pickup.minecraft.stone":81,"stat.killEntity.grimoireofgaia.dullahan":1,"stat.mineBlock.minecraft.wool":9,"stat.drop.minecraft.emerald":23,"stat.mineBlock.minecraft.packed_ice":11,"stat.pickup.lycanitesmobs.crystalshardcharge":8,"stat.pickup.byg.palm_planks":1,"stat.pickup.lycanitesmobs.reaperclaw":1,"stat.pickup.minecraft.gold_ingot":1,"stat.killEntity.Skeleton":157,"stat.pickup.minecraft.record_mall":1,"stat.pickup.cqrepoured.helmet_heavy_iron":1,"stat.pickup.byg.palm_log":6,"stat.killEntity.Spider":109,"stat.pickup.minecraft.bread":16,"stat.craftItem.minecraft.spruce_fence":69,"stat.pickup.minecraft.quartz":1,"stat.pickup.lycanitesmobs.icefireballcharge":14,"stat.pickup.minecraft.water_bucket":4,"stat.drop.treasure2.wood_key":3,"stat.mineBlock.minecraft.redstone_ore":5,"spectre.kill":8,"stat.pickup.minecraft.lava_bucket":1,"stat.mineBlock.byg.palm_planks":1,"stat.mineBlock.minecraft.stone":801}