{"stat.useItem.minecraft.painting":1,"darkling.kill":4,"stat.drop.byg.woodenmortar":1,"stat.pickup.harvestcraft.huckleberryitem":2,"stat.pickup.ebwizardry.spell_book":13,"stat.mineBlock.minecraft.web":26,"stat.pickup.minecraft.rotten_flesh":43,"stat.drop.minecraft.leather_boots":4,"stat.pickup.minecraft.bucket":3,"eechetik.kill":2,"stat.craftItem.minecraft.iron_shovel":1,"stat.pickup.minecraft.brown_mushroom":9,"stat.pickup.harvestcraft.scallionitem":1,"stat.drop.ebwizardry.spell_book":9,"stat.pickup.mod_lavacow.intestine":15,"stat.useItem.minecraft.iron_pickaxe":171,"stat.drop.minecraft.ender_eye":1,"stat.furnaceInteraction":277,"stat.useItem.minecraft.golden_carrot":2,"stat.killEntity.mocreatures:crab":7,"stat.killEntity.toroquest_orc":10,"stat.killEntity.knight_fallen":1,"stat.pickup.minecraft.nether_brick":22,"necrovore.kill":4,"stat.pickup.lycanitesmobs.spectralboltcharge":14,"stat.useItem.rustic.wildberries":2,"stat.useItem.rustic.wind_thistle":1,"stat.drop.minecraft.golden_axe":1,"stat.craftItem.ebwizardry.magic_wand":2,"stat.drop.minecraft.nether_brick_stairs":1,"stat.drop.minecraft.cooked_fish":5,"stat.pickup.minecraft.emerald":8,"stat.pickup.lycanitesmobs.raw_chupacabra_meat":7,"stat.deaths":12,"stat.pickup.minecraft.bowl":1,"stat.pickup.lycanitesmobs.geistliver":14,"stat.craftItem.minecraft.iron_pickaxe":2,"stat.craftItem.minecraft.cooked_mutton":8,"stat.pickup.minecraft.cooked_mutton":1,"stat.useItem.mod_lavacow.parasite_item_cooked":1,"stat.chestOpened":554,"stat.pickup.minecraft.iron_sword":1,"stat.useItem.mysticalworld.cooked_carrot":12,"stat.pickup.minecraft.gold_nugget":3,"geist.kill":4,"stat.craftItem.minecraft.coal":1,"stat.pickup.minecraft.carrot":6,"stat.pickup.lycanitesmobs.doomfireballcharge":5,"stat.crouchOneCm":68231,"stat.pickup.minecraft.rail":6,"stat.craftItem.exoticbirds.cooked_birdmeat":9,"stat.useItem.mod_lavacow.mimic_claw_cooked":3,"stat.craftItem.minecraft.iron_ingot":95,"stat.pickup.rustic.grape_stem":2,"stat.drop.minecraft.slime_ball":2,"stat.craftingTableInteraction":138,"stat.drop.byg.soapstone":1,"stat.pickup.minecraft.mushroom_stew":1,"stat.mineBlock.minecraft.log2":8,"stat.pickup.minecraft.wooden_pickaxe":1,"stat.drop.exoticbirds.hummingbird_egg":1,"stat.craftItem.rustic.chain":12,"stat.pickup.ebwizardry.identification_scroll":1,"stat.pickup.minecraft.dye":47,"stat.pickup.minecraft.planks":55,"stat.craftItem.locks.iron_lock_pick":2,"stat.useItem.harvestcraft.rutabagaitem":1,"stat.pickup.minecraft.ice":10,"stat.pickup.lycanitesmobs.raw_silex_meat":12,"stat.flowerPotted":7,"stat.useItem.jjskill.bottle_skill_exp":5,"stat.killEntity.exoticbirds.emperorpenguin":4,"stat.pickup.harvestcraft.maplesyrupitem":25,"stat.drop.minecraft.rotten_flesh":8,"stat.pickup.lycanitesmobs.embercharge":1,"stat.useItem.harvestcraft.sweetpotatoitem":3,"stat.drop.minecraft.sapling":1,"stat.pickup.treasure2.gold_skull_chest":2,"stat.pickup.minecraft.tipped_arrow":36,"stat.drop.minecraft.gold_nugget":2,"stat.pickup.minecraft.end_stone":1,"stat.useItem.byg.palm_planks":24,"stat.drop.minecraft.fish":5,"stat.craftItem.minecraft.bucket":1,"stat.craftItem.minecraft.planks":392,"stat.useItem.minecraft.iron_sword":99,"stat.pickup.minecraft.stone_sword":1,"stat.useItem.minecraft.stonebrick":2,"stat.pickup.minecraft.book":6,"stat.useItem.carryon.entity_item":23,"stat.drop.minecraft.leather_leggings":1,"stat.pickup.minecraft.cooked_fish":5,"stat.killEntity.grimoireofgaia.banshee":1,"stat.mineBlock.minecraft.cobblestone":16,"stat.mineBlock.minecraft.pumpkin":9,"stat.pickup.minecraft.stone_pickaxe":1,"stat.pickup.minecraft.leather_chestplate":2,"stat.pickup.minecraft.flower_pot":5,"stat.drop.minecraft.cobblestone":1,"stat.pickup.minecraft.cooked_porkchop":3,"stat.useItem.minecraft.stone_slab2":618,"stat.drop.ebwizardry.magic_wand":1,"stat.pickup.minecraft.iron_boots":2,"stat.craftItem.minecraft.furnace":6,"stat.craftItem.minecraft.iron_boots":3,"stat.pickup.mysticalworld.silkworm_egg":4,"stat.useItem.exoticbirds.cooked_birdmeat":8,"stat.drop.exoticbirds.swan_egg":1,"stat.drop.minecraft.iron_helmet":1,"stat.drop.exoticbirds.lyrebird_egg":2,"wraamon.kill":1,"stat.drop.minecraft.chainmail_chestplate":1,"stat.drop.minecraft.spider_eye":5,"stat.pickup.ancientspellcraft.ancient_spellcraft_spell_book":3,"stat.useItem.minecraft.iron_door":1,"stat.pickup.exoticbirds.mystery_egg":5,"stat.killEntity.entity_silkworm":1,"stat.drop.minecraft.wool":13,"stat.mineBlock.mysticalworld.copper_ore":1,"stat.pickup.minecraft.wooden_sword":6,"stat.entityKilledBy.ancientspellcraft:skeleton_mage":1,"grue.kill":2,"stat.pickup.tombstone.crafting_ingredient":14,"stat.sprintOneCm":633320,"stat.drop.minecraft.leather":7,"stat.craftItem.rustic.chair_spruce":8,"stat.useItem.exoticbirds.peafowl_egg":1,"stat.useItem.carryon.tile_item":15,"stat.useItem.minecraft.snowball":6,"stat.pickup.spartanweaponry.longbow_iron":1,"stat.craftItem.mocreatures.venisoncooked":3,"stat.pickup.minecraft.leather_leggings":6,"stat.pickup.mocreatures.crabraw":3,"stat.pickup.lycanitesmobs.immunizer":1,"stat.pickup.ebwizardry.ruined_spell_book":3,"stat.craftItem.minecraft.emerald":2,"stat.killEntity.Zombie":42,"stat.craftItem.minecraft.dye":23,"stat.mineBlock.minecraft.gold_ore":15,"stat.mineBlock.minecraft.mossy_cobblestone":2,"stat.craftItem.minecraft.cooked_porkchop":28,"stat.drop.locks.steel_lock":1,"stat.pickup.minecraft.obsidian":7,"stat.useItem.byg.soapstone":4,"stat.drop.treasure2.silver_ring":1,"stat.pickup.minecraft.coal":143,"stat.pickup.minecraft.iron_ingot":20,"stat.drop.minecraft.wooden_sword":2,"stat.pickup.minecraft.dirt":92,"stat.drop.farlanders.endumium_crystal":2,"stat.mineBlock.minecraft.lapis_ore":2,"stat.pickup.toroquest.bandit_helmet":4,"stat.pickup.rustic.wind_thistle":2,"stat.mineBlock.minecraft.torch":28,"stat.mineBlock.minecraft.red_flower":14,"stat.tradedWithVillager":2,"stat.pickup.minecraft.ender_eye":2,"stat.craftItem.mod_lavacow.mimic_claw_cooked":3,"volcan.kill":1,"stat.pickup.locks.iron_lock_pick":2,"stat.useItem.minecraft.tnt":6,"stat.useItem.minecraft.lava_bucket":11,"stat.drop.tombstone.familiar_receptacle":5,"herma.kill":1,"stat.useItem.minecraft.melon":3,"stat.useItem.tombstone.gift":3,"stat.pickup.harvestcraft.spiceleafitem":1,"stat.useItem.byg.purplesage":5,"stat.craftItem.lycanitesmobs.cooked_silex_meat":12,"stat.useItem.harvestcraft.maplesyrupitem":23,"stat.killEntity.Stray":1,"stat.killEntity.deers":3,"stat.drop.minecraft.nether_brick":2,"stat.drop.mysticalworld.fish_and_chips":4,"stat.mineBlock.byg.soapstone":8,"stat.mobKills":342,"stat.killEntity.netherex:spore":2,"stat.pickup.minecraft.beetroot_seeds":1,"stat.pickup.exoticbirds.kiwi_egg":1,"stat.pickup.harvestcraft.beetitem":1,"stat.mineBlock.rustic.wind_thistle":1,"stat.useItem.harvestcraft.rhubarbitem":3,"stat.pickup.byg.pinkanemone":18,"stat.mineBlock.ebwizardry.crystal_flower":16,"stat.drop.rustic.grape_stem":2,"stat.useItem.lycanitesmobs.cooked_chupacabra_meat":3,"stat.craftItem.byg.woodenmortar":1,"stat.useItem.davincisvessels.floater":15,"stat.killEntity.Blaze":1,"stat.drop.minecraft.shield":4,"stat.pickup.minecraft.glowstone_dust":34,"stat.drop.minecraft.bowl":2,"stat.pickup.ebwizardry.ring_ice_melee":1,"stat.pickup.lycanitesmobs.cooked_chupacabra_meat":3,"stat.pickup.davincisvessels.seat":2,"stat.mineBlock.minecraft.stone_brick_stairs":2,"stat.pickup.minecraft.splash_potion":3,"stat.drop.lycanitesmobs.cooked_krake_meat":1,"stat.pickup.harvestcraft.sweetpotatoitem":3,"shade.kill":1,"stat.pickup.locks.diamond_lock":1,"stat.pickup.ebwizardry.spectral_dust":8,"stat.mineBlock.minecraft.sand":36,"stat.hopperInspected":3,"stat.pickup.minecraft.ghast_tear":1,"stat.pickup.minecraft.armor_stand":1,"stat.trappedChestTriggered":3,"stat.pickup.locks.steel_lock":4,"stat.pickup.cqrepoured.hookshot":1,"stat.pickup.cqrepoured.spear_iron":1,"stat.pickup.lycanitesmobs.raw_bobeko_meat":10,"stat.useItem.minecraft.cooked_mutton":10,"stat.craftItem.travelersbackpack.travelers_backpack":1,"stat.drop.minecraft.fishing_rod":1,"stat.useItem.megaloot.weaponsword":171,"stat.mineBlock.byg.spruceleavesblue":10,"stat.killEntity.withercat":1,"stat.pickup.minecraft.pumpkin_seeds":3,"stat.drop.minecraft.snowball":4,"stat.pickup.minecraft.saddle":1,"stat.useItem.lycanitesmobs.cooked_silex_meat":4,"stat.pickup.minecraft.blaze_rod":1,"stat.pickup.exoticbirds.owl_egg":1,"stat.drop.davincisvessels.marker":2,"stat.pickup.minecraft.pumpkin":9,"stat.drop.mocreatures.venisoncooked":1,"stat.recordPlayed":1,"stat.killEntity.salmon":2,"stat.drop.mysticalworld.silk_cocoon":1,"stat.useItem.spartanweaponry.longbow_iron":103,"stat.drop.rustic.honeycomb":1,"wendigo.kill":1,"stat.useItem.minecraft.experience_bottle":5,"stat.drop.minecraft.stone":11,"stat.craftItem.tombstone.dark_marble":4,"stat.pickup.minecraft.melon_seeds":4,"stat.drop.minecraft.book":6,"stat.pickup.minecraft.golden_leggings":1,"stat.pickup.minecraft.melon":4,"stat.pickup.cqrepoured.chestplate_heavy_iron":1,"stat.drop.megaloot.baublering":1,"arix.kill":10,"stat.drop.minecraft.bone":11,"stat.craftItem.minecraft.wooden_button":1,"stat.useItem.minecraft.furnace":2,"stat.drop.iceandfire.bestiary":1,"stat.pickup.minecraft.iron_leggings":2,"stat.mineBlock.minecraft.gravel":15,"stat.pickup.farlanders.endumium_crystal":3,"arisaur.kill":1,"stat.craftItem.lycanitesmobs.waterjetcharge":4,"stat.drop.minecraft.iron_axe":1,"stat.pickup.rustic.bee":2,"stat.useItem.minecraft.torch":106,"stat.craftItem.mysticalworld.silk_thread":18,"stat.useItem.harvestcraft.spiceleafitem":1,"stat.craftItem.minecraft.redstone_block":1,"stat.pickup.minecraft.crafting_table":4,"stat.useItem.minecraft.log":3,"stat.craftItem.minecraft.crafting_table":4,"stat.pickup.mocreatures.venisonraw":3,"stat.mineBlock.ebwizardry.crystal_ore":6,"stat.useItem.minecraft.cooked_fish":60,"stat.craftItem.harvestcraft.melonjuiceitem":2,"stat.pickup.jjskill.justice_sword":1,"stat.pickup.minecraft.sapling":30,"stat.drop.minecraft.melon_seeds":2,"stat.craftItem.iceandfire.bestiary":1,"stat.pickup.minecraft.beetroot":5,"stat.craftItem.lycanitesmobs.cooked_chupacabra_meat":2,"stat.killEntity.WitherSkeleton":6,"stat.pickup.lycanitesmobs.lifedraincharge":6,"stat.pickup.treasure2.wood_key":4,"stat.drop.lycanitesmobs.cooked_chupacabra_meat":1,"stat.pickup.harvestcraft.juteitem":1,"stat.pickup.harvestcraft.tealeafitem":3,"stat.pickup.rustic.chili_pepper_seeds":1,"stat.pickup.minecraft.rabbit":1,"stat.drop.minecraft.bucket":2,"stat.useItem.minecraft.baked_potato":21,"stat.drop.minecraft.yellow_flower":1,"stat.pickup.minecraft.yellow_flower":4,"stat.useItem.minecraft.fishing_rod":4,"stat.drop.minecraft.stone_pickaxe":2,"stat.pickup.minecraft.bone":143,"stat.useItem.minecraft.mushroom_stew":2,"stat.drop.lycanitesmobs.cooked_silex_meat":6,"stat.pickup.vanillafoodpantry.milkdrink":1,"stat.useItem.harvestcraft.tealeafitem":3,"stat.mineBlock.minecraft.brown_mushroom":1,"stat.craftItem.minecraft.diamond_helmet":1,"stat.pickup.rustic.ginseng":2,"stat.climbOneCm":31183,"stat.drop.lycanitesmobs.sprigganheart":1,"trite.kill":5,"stat.useItem.locks.iron_lock_pick":7,"stat.useItem.rustic.slate":2,"stat.pickup.rustic.cohosh":2,"stat.pickup.minecraft.cobblestone":254,"stat.drop.lycanitesmobs.imptreat":2,"stat.useItem.minecraft.cooked_beef":41,"stat.pickup.minecraft.redstone":17,"stat.mineBlock.minecraft.iron_ore":88,"stat.craftItem.mysticalworld.cooked_carrot":12,"stat.drop.minecraft.name_tag":1,"stat.pickup.minecraft.mossy_cobblestone":1,"stat.pickup.lycanitesmobs.frostyfur":3,"stat.drop.minecraft.iron_bars":6,"stat.drop.minecraft.dirt":5,"stat.useItem.minecraft.cooked_porkchop":31,"stat.pickup.lycanitesmobs.whirlwindcharge":3,"stat.useItem.jjskill.justice_sword":70,"stat.craftItem.lycanitesmobs.cooked_krake_meat":9,"stat.craftItem.lycanitesmobs.undeadtreat":8,"stat.pickup.mod_lavacow.parasite_item_cooked":1,"stat.craftItem.minecraft.stick":228,"stat.craftItem.minecraft.gold_nugget":9,"stat.useItem.harvestcraft.turnipitem":9,"stat.drop.megaloot.weaponsword":3,"stat.mineBlock.minecraft.planks":2,"stat.drop":327,"stat.pickup.exoticbirds.emperorpenguin_egg":2,"stat.drop.ebwizardry.spectral_dust":1,"stat.drop.minecraft.iron_boots":1,"stat.drop.ebwizardry.scroll":4,"stat.pickup.harvestcraft.garlicitem":3,"stat.drop.minecraft.nether_wart":1,"stat.killEntity.cod":7,"stat.pickup.mysticalworld.copper_helmet":1,"stat.drop.treasure2.leaf_key":1,"stat.useItem.minecraft.apple":15,"stat.drop.minecraft.chainmail_helmet":2,"stat.drop.ancientspellcraft.ancient_spellcraft_spell_book":1,"stat.useItem.minecraft.potion":3,"stat.pickup.harvestcraft.blackberryitem":3,"stat.craftItem.travelersbackpack.backpack_tank":3,"stat.useItem.minecraft.stone_axe":56,"stat.mineBlock.harvestcraft.shadedgarden":9,"stat.craftItem.minecraft.iron_helmet":3,"stat.drop.minecraft.glass":7,"stat.boatOneCm":45249602,"stat.craftItem.minecraft.flint_and_steel":1,"stat.pickup.rustic.tomato_seeds":1,"ioray.kill":2,"stat.mineBlock.minecraft.furnace":4,"stat.pickup.minecraft.prismarine_shard":2,"stat.useItem.harvestcraft.beetitem":1,"stat.pickup.mod_lavacow.chitin":3,"stat.killEntity.CaveSpider":2,"stat.useItem.tombstone.grave_key":4,"stat.damageDealt":54769,"stat.mineBlock.byg.pinkanemone":17,"stat.mineBlock.minecraft.nether_brick_stairs":2,"stat.pickup.minecraft.stick":53,"spriggan.kill":2,"bobeko.kill":2,"stat.drop.treasure2.silver_coin":3,"stat.craftItem.minecraft.diamond_boots":1,"stat.pickup.harvestcraft.zucchiniitem":1,"stat.pickup.lycanitesmobs.cooked_silex_meat":2,"stat.pickup.minecraft.chorus_fruit":13,"stat.mineBlock.byg.brownbirchleaves":4,"stat.drop.ancientspellcraft.ritual_book":2,"stat.pickup.mod_lavacow.sharptooth":2,"stat.drop.minecraft.crafting_table":1,"stat.pickup.ebwizardry.runestone":14,"stat.pickup.ebwizardry.wizard_handbook":1,"stat.useItem.minecraft.golden_apple":2,"belph.kill":2,"stat.mineBlock.minecraft.leaves":23,"stat.useItem.harvestcraft.broccoliitem":1,"stat.drop.artifacts.drinking_hat":1,"pixen.kill":3,"stat.useItem.rustic.cohosh":1,"stat.pickup.exoticbirds.bluejay_egg":1,"stat.leaveGame":16,"stat.useItem.rustic.chair_spruce":7,"stat.entityKilledBy.toroquest_sentry":2,"stat.craftItem.minecraft.string":27,"stat.craftItem.minecraft.shield":1,"stat.drop.minecraft.feather":1,"silex.kill":9,"stat.pickup.iceandfire.witherbone":1,"stat.pickup.minecraft.leather_boots":5,"stat.useItem.locks.wood_lock_pick":22,"stat.entityKilledBy.artifacts.mimic":1,"stat.pickup.harvestcraft.radishitem":1,"stat.drop.minecraft.gold_ingot":4,"stat.craftItem.minecraft.iron_door":3,"stat.useItem.minecraft.iron_shovel":25,"stat.pickup.harvestcraft.rhubarbitem":4,"stat.drop.minecraft.cooked_mutton":2,"stat.useItem.ebwizardry.magic_wand":7,"stat.useItem.harvestcraft.quinoaitem":1,"stat.drop.minecraft.gravel":2,"stat.drop.minecraft.red_flower":7,"stat.killEntity.mod_lavacow.mimic":5,"stat.pickup.minecraft.beef":27,"stat.pickup.ebwizardry.arcane_tome":2,"stat.pickup.exoticbirds.pigeon_egg":3,"stat.pickup.minecraft.leather_helmet":5,"stat.useItem.minecraft.dark_oak_door":1,"stat.pickup.tombstone.scroll_buff":2,"stat.mineBlock.rustic.chair_spruce":4,"stat.pickup.ancientspellcraft.crystal_shard_ice":4,"stat.pickup.lycanitesmobs.tricksterflarecharge":8,"stat.pickup.lycanitesmobs.imptreat":4,"stat.pickup.lycanitesmobs.raw_krake_meat":12,"stat.killEntity.cqr_skeleton":48,"stat.useItem.minecraft.nether_brick":13,"stat.craftItem.byg.palm_planks":24,"stat.drop.minecraft.glass_bottle":1,"stat.drop.minecraft.torch":17,"stat.mineBlock.minecraft.tallgrass":11,"stat.useItem.minecraft.splash_potion":3,"stat.useItem.minecraft.cooked_rabbit":3,"stat.useItem.minecraft.stone":4,"stat.pickup.minecraft.arrow":131,"stat.drop.minecraft.iron_pickaxe":1,"stat.drop.tombstone.lost_tablet":1,"stat.useItem.mocreatures.crabcooked":2,"stat.drop.harvestcraft.beanitem":1,"stat.pickup.minecraft.painting":7,"stat.killEntity.mocreatures:ant":1,"stat.craftItem.minecraft.hopper":1,"chupacabra.kill":7,"stat.pickup.minecraft.wheat_seeds":3,"stat.mineBlock.minecraft.glass":3,"stat.craftItem.lycanitesmobs.spectralboltcharge":4,"djinn.kill":3,"stat.mineBlock.minecraft.dirt":57,"stat.useItem.minecraft.bread":15,"stat.useItem.minecraft.cobblestone":106,"stat.useItem.lycanitesmobs.cooked_krake_meat":8,"stat.mineBlock.minecraft.double_plant":2,"stat.pickup.toroquest.artifact_red":1,"stat.mineBlock.byg.iris":1,"stat.pickup.locks.wood_lock_pick":17,"stat.craftItem.lycanitesmobs.cooked_bobeko_meat":10,"stat.drop.tombstone.scroll_buff":2,"stat.drop.ebwizardry.arcane_tome":1,"stat.mineBlock.minecraft.log":49,"stat.mineBlock.farlanders.endumium_ore":1,"stat.pickup.minecraft.red_flower":27,"stat.pickup.minecraft.wool":26,"stat.mineBlock.byg.purplesage":1,"stat.useItem.minecraft.chorus_fruit":7,"stat.useItem.minecraft.wooden_axe":24,"stat.drop.travelersbackpack.backpack_tank":1,"stat.cakeSlicesEaten":8,"stat.pickup.lycanitesmobs.sprigganheart":1,"stat.craftItem.minecraft.cooked_rabbit":4,"stat.useItem.minecraft.iron_axe":110,"stat.pickup.mysticalworld.silk_cocoon":18,"stat.mineBlock.minecraft.yellow_flower":3,"stat.pickup.mocreatures.venisoncooked":1,"stat.pickup.mysticalworld.fish_and_chips":7,"stat.craftItem.minecraft.wool":7,"stat.pickup.rustic.chair_spruce":4,"stat.pickup.minecraft.enchanted_book":1,"stat.drop.vanillafoodpantry.milkdrink":1,"stat.useItem.harvestcraft.tomatoitem":3,"stat.useItem.minecraft.cookie":9,"stat.pickup.minecraft.bow":2,"stat.craftItem.minecraft.dark_oak_door":3,"stat.mineBlock.byg.palm_log":8,"stat.craftItem.davincisvessels.marker":2,"stat.craftItem.minecraft.spruce_boat":1,"stat.pickup.harvestcraft.broccoliitem":1,"stat.craftItem.minecraft.cooked_beef":40,"stat.drop.lycanitesmobs.geistliver":1,"stat.flyOneCm":1161615,"stat.pickup.rustic.honeycomb":1,"stat.pickup.minecraft.nether_brick_stairs":2,"stat.pickup.minecraft.fish":34,"stat.pickup.rustic.slate":3,"stat.pickup.byg.woodenmortar":1,"stat.timeSinceDeath":345973,"stat.cauldronFilled":1,"stat.mineBlock.rustic.cohosh":1,"stat.craftItem.ebwizardry.magic_crystal":12,"stat.killEntity.mod_lavacow.parasite":14,"stat.pickup.exoticbirds.peafowl_egg":1,"stat.pickup.harvestcraft.whitemushroomitem":1,"stat.pickup.travelersbackpack.travelers_backpack":11,"stat.pickup.harvestcraft.beanitem":2,"stat.pickup.minecraft.chainmail_helmet":3,"stat.pickup.minecraft.nether_wart":4,"stat.pickup.ebwizardry.firebomb":1,"stat.killEntity.Wolf":1,"stat.mineBlock.minecraft.coal_ore":26,"stat.drop.cqrepoured.great_sword_iron":2,"stat.pickup.minecraft.shield":7,"stat.talkedToVillager":58,"stat.pickup.minecraft.string":15,"stat.pickup.lycanitesmobs.stryderheart":1,"stat.pickup.artifacts.star_cloak":2,"stat.killEntity.ebwizardry:evil_wizard":2,"stat.pickup.harvestcraft.quinoaitem":1,"stat.craftItem.minecraft.wooden_pressure_plate":1,"stat.useItem.cqrepoured.great_sword_iron":28,"stat.pickup.minecraft.snowball":15,"stat.diveOneCm":937470,"stat.pickup.minecraft.stone_axe":3,"abaia.kill":2,"stat.useItem.minecraft.rotten_flesh":9,"stat.jump":5951,"stat.craftItem.rustic.tallow":3,"stat.craftItem.davincisvessels.floater":17,"stat.craftItem.minecraft.torch":60,"stat.pickup.minecraft.stone_shovel":1,"roc.kill":2,"stat.pickup.minecraft.gold_ore":22,"stat.useItem.minecraft.sapling":9,"reaper.kill":4,"stat.damageTaken":27739,"stat.pickup.ebwizardry.scroll":2,"stat.useItem.harvestcraft.radishitem":1,"stat.pickup.ebwizardry.crystal_flower":16,"stat.pickup.minecraft.log2":10,"stat.pickup.minecraft.bed":1,"stat.cauldronUsed":1,"stat.pickup.minecraft.quartz_block":10,"stat.pickup.minecraft.potato":1,"stat.entityKilledBy.Zombie":1,"stat.pickup.exoticbirds.birdmeat":15,"stat.drop.rustic.ginseng":2,"stat.mineBlock.davincisvessels.seat":2,"stat.pickup.artifacts.bubble_wrap":1,"stat.useItem.minecraft.chest":2,"stat.pickup.mysticalworld.copper_ore":1,"stat.pickup.mod_lavacow.mimic_claw":3,"stat.pickup.harvestcraft.celeryitem":1,"stat.craftItem.locks.wood_lock_pick":45,"stat.useItem.harvestcraft.scallionitem":1,"stat.craftItem.minecraft.iron_chestplate":2,"stat.pickup.minecraft.baked_potato":4,"stat.pickup.minecraft.ender_pearl":16,"stat.pickup.tombstone.familiar_receptacle":5,"stat.craftItem.travelersbackpack.sleeping_bag_bottom":1,"stat.mineBlock.minecraft.tnt":1,"stat.mineBlock.minecraft.stonebrick":4,"stat.useItem.rustic.table_spruce":8,"stat.pickup.harvestcraft.queenbeeitem":2,"stat.drop.tombstone.magic_scroll":2,"stat.drop.ebwizardry.spark_bomb":1,"stat.pickup.artifacts.whoopie_cushion":4,"stat.pickup.minecraft.torch":36,"stat.killEntity.ebwizardry:remnant":2,"stat.drop.minecraft.stone_axe":2,"stat.pickup.minecraft.spruce_boat":1,"stat.useItem.harvestcraft.huckleberryitem":2,"stat.pickup.blocklings.blockling":1,"stat.pickup.ebwizardry.resplendent_thread":1,"stat.pickup.ancientspellcraft.ritual_book":2,"stat.pickup.minecraft.fishing_rod":1,"stat.useItem.minecraft.planks":252,"stat.useItem.tombstone.familiar_stone":1,"stat.craftItem.davincisvessels.seat":1,"stat.useItem.minecraft.nether_brick_stairs":1,"stat.pickup.megaloot.weaponsword":2,"stat.useItem.minecraft.water_bucket":62,"stat.drop.travelersbackpack.travelers_backpack":3,"stat.pickup.minecraft.sand":39,"stat.pickup.megaloot.baublering":1,"stat.entityKilledBy.Spider":1,"stat.pickup.iceandfire.bestiary":1,"stat.pickup.minecraft.name_tag":1,"stat.useItem.minecraft.ender_pearl":3,"stat.mineBlock.byg.scoria":2,"stat.craftItem.minecraft.cooked_fish":47,"stat.killEntity.mocreatures:deer":2,"stat.craftItem.lycanitesmobs.lifedraincharge":4,"stat.craftItem.rustic.chandelier":2,"stat.useItem.harvestcraft.leekitem":1,"stat.drop.cqrepoured.hookshot":2,"stat.pickup.vanillafoodpantry.tainted_villager_soul":1,"stat.pickup.harvestcraft.turnipitem":10,"stat.mineBlock.ebwizardry.runestone":7,"stat.pickup.minecraft.furnace":4,"stat.drop.ebwizardry.ruined_spell_book":1,"stat.pickup.minecraft.iron_chestplate":3,"stat.pickup.minecraft.skull":4,"stat.pickup.tombstone.magic_scroll":3,"stat.useItem.harvestcraft.blackberryitem":3,"stat.useItem.harvestcraft.melonjuiceitem":2,"stat.useItem.minecraft.pumpkin_pie":1,"stat.drop.byg.pinkanemone":2,"stat.playOneMinute":1332269,"stat.drop.minecraft.string":3,"stat.pickup.minecraft.iron_bars":15,"stat.drop.spartanweaponry.spear_iron":1,"stat.drop.vanillafoodpantry.rock_salt_crystals":3,"stat.drop.minecraft.ice":5,"stat.pickup.harvestcraft.tomatoitem":3,"stat.pickup.locks.iron_lock":1,"stat.mineBlock.rustic.slate":3,"stat.killEntity.toroquest_sentry":4,"stat.craftItem.minecraft.iron_nugget":9,"stat.fallOneCm":246934,"stat.drop.minecraft.dye":13,"stat.craftItem.minecraft.chest":10,"stat.pickup.minecraft.red_mushroom":14,"stat.pickup.treasure2.leaf_key":1,"stat.pickup.minecraft.feather":7,"gnekk.kill":2,"stat.craftItem.elderarsenal.iron_shield":1,"stat.useItem.minecraft.stone_pickaxe":265,"stat.craftItem.minecraft.iron_leggings":1,"stat.pickup.vanillafoodpantry.red_flint":1,"stat.craftItem.locks.key_blank":1,"stat.craftItem.tombstone.decorative_grave_cross":1,"stat.pickup.minecraft.chainmail_boots":1,"stat.drop.minecraft.stick":3,"stat.useItem.minecraft.iron_bars":1,"stat.useItem.exoticbirds.emperorpenguin_egg":2,"stat.pickup.minecraft.log":172,"stat.pickup.treasure2.silver_ring":1,"stat.mineBlock.harvestcraft.pammaple":12,"stat.drop.cqrepoured.helmet_heavy_iron":1,"stat.pickup.exoticbirds.lyrebird_egg":1,"stat.pickup.minecraft.chainmail_leggings":2,"stat.killEntity.ancientspellcraft:skeleton_mage":5,"stat.pickup.spartanweaponry.spear_iron":1,"stat.pickup.minecraft.diamond_helmet":1,"stat.pickup.harvestcraft.rutabagaitem":1,"stat.craftItem.minecraft.cooked_chicken":1,"stat.pickup.lycanitesmobs.cleansingcrystal":1,"stat.sneakTime":29598,"stat.craftItem.mocreatures.crabcooked":2,"stat.useItem.harvestcraft.garlicitem":2,"stat.drop.minecraft.beetroot":3,"stat.drop.minecraft.leather_helmet":3,"stat.pickup.artifacts.drinking_hat":3,"stat.pickup.davincisvessels.marker":1,"stat.useItem.mysticalworld.fish_and_chips":2,"stat.swimOneCm":225646,"strider.kill":2,"stat.drop.minecraft.brown_mushroom":6,"stat.useItem.minecraft.dirt":18,"vapula.kill":1,"stat.drop.locks.wood_lock_pick":1,"stat.killEntity.artifacts.mimic":4,"stat.drop.minecraft.ender_pearl":2,"stat.useItem.lycanitesmobs.cooked_bobeko_meat":10,"stat.pickup.minecraft.glass_bottle":2,"stat.pickup.harvestcraft.leekitem":1,"stat.pickup.minecraft.dark_oak_door":2,"stat.pickup.minecraft.stonebrick":6,"stat.useItem.exoticbirds.pigeon_egg":1,"krake.kill":5,"stat.pickup.ebwizardry.magic_crystal":24,"stat.mineBlock.minecraft.nether_brick":21,"stat.drop.exoticbirds.mystery_egg":2,"stat.useItem.mocreatures.venisoncooked":3,"stat.pickup.vanillafoodpantry.rock_salt_crystals":14,"stat.craftItem.minecraft.stone_slab2":0,"stat.pickup.tombstone.lost_tablet":1,"stat.drop.minecraft.potion":2,"stat.craftItem.minecraft.stone":35,"stat.mineBlock.minecraft.crafting_table":3,"stat.mineBlock.minecraft.quartz_block":1,"stat.useItem.minecraft.carrot":7,"stat.pickup.ebwizardry.spark_bomb":1,"stat.pickup.minecraft.slime_ball":9,"stat.craftItem.minecraft.diamond_pickaxe":1,"stat.pickup.minecraft.gravel":8,"stat.pickup.harvestcraft.kohlrabiitem":1,"stat.drop.minecraft.cooked_porkchop":4,"stat.pickup.minecraft.stone_brick_stairs":2,"stat.pickup.byg.soapstone":6,"stat.pickup.minecraft.iron_helmet":4,"stat.craftItem.rustic.table_spruce":10,"stat.pickup.minecraft.spider_eye":10,"stat.useItem.rustic.chandelier":1,"stat.pickup.byg.purplesage":7,"stat.mineBlock.harvestcraft.frostgarden":3,"stat.useItem.minecraft.cooked_chicken":2,"stat.pickup.minecraft.iron_ore":94,"stat.drop.minecraft.pumpkin_pie":1,"stat.useItem.exoticbirds.bluejay_egg":1,"stat.mineBlock.minecraft.iron_bars":3,"stat.pickup.treasure2.iron_key":1,"stat.pickup.minecraft.leather":32,"stat.drop.toroquest.bandit_helmet":3,"stat.pickup.minecraft.prismarine_crystals":1,"stat.pickup.minecraft.reeds":14,"tombstone:undead_killed":157,"stat.craftItem.minecraft.glass":38,"stat.drop.minecraft.cooked_chicken":2,"stat.pickup.byg.amaranth":1,"stat.killEntity.bound_soul":2,"stat.craftItem.minecraft.cauldron":1,"stat.sleepInBed":14,"stat.craftItem.minecraft.baked_potato":8,"stat.killEntity.Cow":5,"stat.pickup.cqrepoured.great_sword_iron":2,"stat.walkOneCm":4891078,"stat.pickup.minecraft.clay_ball":11,"stat.useItem.minecraft.spruce_boat":1,"stat.pickup.minecraft.tnt":1,"stat.drop.minecraft.iron_chestplate":2,"stat.pickup.minecraft.stone":38,"stat.killEntity.grimoireofgaia.dullahan":1,"stat.mineBlock.minecraft.wool":5,"stat.drop.minecraft.emerald":3,"stat.pickup.lycanitesmobs.crystalshardcharge":8,"stat.pickup.byg.palm_planks":1,"stat.pickup.lycanitesmobs.reaperclaw":1,"stat.killEntity.Skeleton":30,"stat.pickup.minecraft.record_mall":1,"stat.pickup.cqrepoured.helmet_heavy_iron":1,"stat.pickup.byg.palm_log":6,"stat.killEntity.Spider":23,"stat.pickup.lycanitesmobs.icefireballcharge":7,"stat.pickup.minecraft.water_bucket":1,"stat.drop.treasure2.wood_key":3,"stat.mineBlock.minecraft.redstone_ore":4,"spectre.kill":3,"stat.mineBlock.byg.palm_planks":1,"stat.mineBlock.minecraft.stone":207}