{"stat.cakeSlicesEaten":3,"stat.chestOpened":39,"stat.drop.iceandfire.armor_red_helmet":1,"stat.walkOneCm":45501,"stat.useItem.minecraft.chest":4,"stat.pickup.minecraft.iron_nugget":1,"stat.leaveGame":1,"stat.drop.iceandfire.armor_red_chestplate":1,"stat.damageTaken":610,"stat.pickup.toughasnails.charcoal_filter":64,"stat.pickup.iceandfire.armor_red_helmet":1,"stat.killEntity.grimoireofgaia.siren":1,"stat.mobKills":1,"stat.drop.ebwizardry.advanced_wand":1,"stat.pickup.ebwizardry.spell_book":1,"stat.entityKilledBy.grimoireofgaia.siren":2,"stat.flyOneCm":4013,"stat.deaths":2,"stat.drop":8,"stat.jump":66,"stat.playOneMinute":49868,"stat.pickup.minecraft.fish":1,"stat.fallOneCm":1128,"stat.sneakTime":15,"stat.damageDealt":40,"stat.drop.mowziesmobs.wrought_helmet":1,"stat.crouchOneCm":154,"stat.timeSinceDeath":46840,"stat.sprintOneCm":15333,"stat.drop.vanillafoodpantry.bowl_water":4,"stat.useItem.minecraft.sign":2,"stat.useItem.minecraft.stone_slab2":34,"stat.mineBlock.minecraft.tallgrass":2}