{"stat.cakeSlicesEaten":3,"stat.chestOpened":64,"stat.drop.iceandfire.armor_red_helmet":1,"stat.walkOneCm":49346,"stat.useItem.minecraft.chest":4,"stat.pickup.minecraft.iron_nugget":1,"stat.leaveGame":1,"stat.drop.iceandfire.armor_red_chestplate":1,"stat.damageTaken":610,"stat.pickup.toughasnails.charcoal_filter":64,"stat.pickup.iceandfire.armor_red_helmet":1,"stat.killEntity.grimoireofgaia.siren":1,"stat.mobKills":1,"stat.drop.ebwizardry.advanced_wand":1,"stat.pickup.ebwizardry.spell_book":1,"stat.entityKilledBy.grimoireofgaia.siren":2,"stat.pickup.cqrepoured.staff_vampiric":1,"stat.flyOneCm":4013,"stat.deaths":2,"stat.drop":8,"stat.jump":66,"stat.playOneMinute":62468,"stat.pickup.minecraft.fish":1,"stat.fallOneCm":1128,"stat.pickup.locks.gold_lock_pick":7,"stat.sneakTime":17,"stat.damageDealt":40,"stat.drop.mowziesmobs.wrought_helmet":1,"stat.crouchOneCm":154,"stat.timeSinceDeath":59440,"stat.pickup.artifacts.bottled_cloud":1,"stat.sprintOneCm":15355,"stat.drop.vanillafoodpantry.bowl_water":4,"stat.useItem.minecraft.sign":2,"stat.useItem.minecraft.stone_slab2":36,"stat.pickup.minecraft.bow":1,"stat.mineBlock.minecraft.tallgrass":2,"stat.pickup.artifacts.lucky_clover":1}