{"stat.cakeSlicesEaten":3,"stat.chestOpened":27,"stat.drop.iceandfire.armor_red_helmet":1,"stat.walkOneCm":34656,"stat.useItem.minecraft.chest":4,"stat.pickup.minecraft.iron_nugget":1,"stat.leaveGame":1,"stat.drop.iceandfire.armor_red_chestplate":1,"stat.damageTaken":610,"stat.pickup.iceandfire.armor_red_helmet":1,"stat.killEntity.grimoireofgaia.siren":1,"stat.mobKills":1,"stat.drop.ebwizardry.advanced_wand":1,"stat.pickup.ebwizardry.spell_book":1,"stat.entityKilledBy.grimoireofgaia.siren":2,"stat.flyOneCm":4013,"stat.deaths":2,"stat.drop":8,"stat.jump":65,"stat.playOneMinute":38168,"stat.pickup.minecraft.fish":1,"stat.fallOneCm":1128,"stat.damageDealt":40,"stat.drop.mowziesmobs.wrought_helmet":1,"stat.timeSinceDeath":35140,"stat.sprintOneCm":9017,"stat.drop.vanillafoodpantry.bowl_water":4,"stat.useItem.minecraft.sign":2,"stat.useItem.minecraft.stone_slab2":3,"stat.mineBlock.minecraft.tallgrass":2}