{"stat.cakeSlicesEaten":3,"stat.chestOpened":134,"stat.useItem.jjskill.bottle_skill_exp":16,"stat.useItem.minecraft.bow":3,"stat.craftItem.ebwizardry.magic_crystal":64,"stat.drop.iceandfire.armor_red_helmet":1,"stat.walkOneCm":102075,"stat.pickup.minecraft.bone":1,"stat.useItem.minecraft.chest":4,"stat.pickup.travelersbackpack.travelers_backpack":1,"stat.useItem.minecraft.stone":2,"stat.pickup.minecraft.iron_nugget":1,"stat.leaveGame":2,"stat.drop.iceandfire.armor_red_chestplate":1,"stat.pickup.minecraft.arrow":2,"stat.pickup.toughasnails.charcoal_filter":64,"stat.pickup.iceandfire.armor_red_helmet":1,"stat.entityKilledBy.toroquest_sentry":3,"stat.pickup.tombstone.familiar_stone":1,"stat.pickup.ebwizardry.spell_book":1,"stat.useItem.minecraft.diamond_sword":10,"stat.entityKilledBy.grimoireofgaia.siren":2,"stat.killEntity.toroquest_sentry":2,"stat.mineBlock.minecraft.stained_glass_pane":2,"stat.jump":104,"stat.swimOneCm":1166,"stat.fallOneCm":1663,"stat.useItem.tombstone.gift":1,"stat.pickup.minecraft.furnace":1,"stat.pickup.locks.gold_lock_pick":7,"stat.pickup.minecraft.stone":3,"stat.crouchOneCm":1530,"stat.sprintOneCm":16319,"stat.useItem.minecraft.stone_slab2":41,"stat.pickup.minecraft.bow":1,"stat.useItem.minecraft.water_bucket":1,"stat.pickup.artifacts.lucky_clover":1,"stat.craftingTableInteraction":2,"stat.pickup.iceandfire.fire_dragon_heart":64,"stat.killEntity.Skeleton":1,"stat.mineBlock.minecraft.iron_bars":2,"stat.useItem.carryon.tile_item":1,"stat.pickup.toroquest.bandit_helmet":2,"stat.useItem.spartanweaponry.hammer_iron":3,"stat.craftItem.toughasnails.canteen":1,"stat.damageTaken":1531,"stat.useItem.minecraft.diamond_pickaxe":7,"stat.mineBlock.minecraft.furnace":1,"stat.killEntity.grimoireofgaia.siren":1,"stat.mobKills":4,"stat.pickup.minecraft.emerald":3,"stat.drop.ebwizardry.advanced_wand":1,"stat.pickup.cqrepoured.staff_vampiric":1,"stat.flyOneCm":7267,"stat.deaths":5,"stat.useItem.tombstone.grave_key":2,"tombstone:undead_killed":1,"stat.drop":8,"stat.playOneMinute":99546,"stat.pickup.minecraft.fish":1,"stat.useItem.minecraft.cooked_beef":1,"stat.sneakTime":753,"stat.damageDealt":585,"stat.drop.mowziesmobs.wrought_helmet":1,"stat.timeSinceDeath":9857,"stat.pickup.artifacts.bottled_cloud":1,"stat.pickup.minecraft.iron_bars":2,"stat.pickup.spartanweaponry.hammer_iron":1,"stat.drop.vanillafoodpantry.bowl_water":4,"stat.useItem.minecraft.sign":2,"stat.mineBlock.minecraft.stone":4,"stat.mineBlock.minecraft.tallgrass":2}