{"stat.chestOpened":5,"stat.pickup.solcarrot.food_book":1,"stat.walkOneCm":349804,"stat.pickup.minecraft.bone":6,"stat.playerKills":1,"stat.horseOneCm":5608,"stat.leaveGame":2,"stat.furnaceInteraction":5,"stat.pickup.minecraft.leather_chestplate":1,"stat.killEntity.toroquest_orc":1,"stat.craftItem.vanillafoodpantry.bowl_water":4,"stat.pickup.minecraft.log":6,"stat.jump":662,"stat.swimOneCm":451,"stat.fallOneCm":12748,"stat.climbOneCm":1095,"stat.useItem.tombstone.gift":1,"stat.useItem.vanillafoodpantry.bowl_water":4,"stat.crouchOneCm":7897,"stat.pickup.minecraft.sapling":3,"stat.sprintOneCm":35830,"stat.useItem.minecraft.stone_slab2":3,"stat.pickup.minecraft.bow":1,"stat.pickup.minecraft.cooked_beef":15,"stat.craftingTableInteraction":10,"stat.pickup.toroquest.bandit_helmet":2,"stat.pickup.minecraft.diamond_helmet":1,"stat.pickup.mysticalworld.silkworm_egg":2,"stat.damageTaken":2288,"stat.mineBlock.minecraft.torch":1,"stat.pickup.minecraft.emerald":3,"stat.pickup.minecraft.leather_leggings":2,"stat.mineBlock.minecraft.log":6,"stat.pickup.minecraft.planks":108,"stat.useItem.spartanweaponry.caestus":1,"stat.flyOneCm":25403,"stat.pickup.minecraft.water_bucket":1,"stat.deaths":1,"stat.pickup.minecraft.wheat_seeds":4,"stat.useItem.forge.bucketfilled":1,"stat.playOneMinute":77804,"stat.pickup.minecraft.torch":1,"stat.pickup.spartanweaponry.caestus":1,"stat.useItem.minecraft.cooked_beef":15,"stat.sneakTime":2351,"stat.damageDealt":204,"stat.sleepInBed":3,"stat.craftItem.minecraft.bowl":4,"stat.timeSinceDeath":4907,"stat.craftItem.forge.bucketfilled":1,"stat.pickup.minecraft.wheat":1}