{"stat.chestOpened":7,"stat.useItem.minecraft.splash_potion":1,"stat.walkOneCm":260445,"stat.pickup.minecraft.bone":3,"stat.playerKills":1,"stat.leaveGame":1,"stat.drop.minecraft.cooked_beef":1,"stat.pickup.toughasnails.purified_water_bottle":1,"stat.furnaceInteraction":4,"stat.craftItem.minecraft.crafting_table":1,"stat.craftItem.vanillafoodpantry.bowl_water":4,"stat.pickup.minecraft.log":2,"stat.killEntity.toroquest_sentry":1,"stat.jump":358,"stat.swimOneCm":377,"stat.pickup.minecraft.iron_helmet":1,"stat.fallOneCm":6093,"stat.climbOneCm":4393,"stat.useItem.vanillafoodpantry.bowl_water":3,"stat.crouchOneCm":2590,"stat.sprintOneCm":37420,"stat.useItem.minecraft.stone_slab2":2,"stat.pickup.minecraft.cooked_beef":14,"stat.craftItem.minecraft.stick":8,"stat.craftingTableInteraction":14,"stat.craftItem.minecraft.furnace":1,"stat.pickup.toroquest.bandit_helmet":2,"stat.pickup.minecraft.splash_potion":1,"stat.craftItem.minecraft.planks":8,"stat.pickup.vanillafoodpantry.bowl_water":3,"stat.craftItem.minecraft.stone_axe":1,"stat.damageTaken":1807,"stat.craftItem.minecraft.stone_pickaxe":1,"stat.useItem.minecraft.wooden_pickaxe":19,"stat.pickup.minecraft.cobblestone":19,"stat.mineBlock.minecraft.log":2,"stat.pickup.minecraft.leather_boots":1,"stat.craftItem.minecraft.wooden_door":3,"stat.pickup.minecraft.planks":76,"stat.useItem.minecraft.wooden_door":1,"stat.craftItem.minecraft.stone_sword":1,"stat.flyOneCm":19366,"stat.pickup.minecraft.water_bucket":1,"stat.deaths":1,"stat.drop":1,"stat.pickup.minecraft.wheat_seeds":33,"stat.mineBlock.minecraft.leaves":1,"stat.playOneMinute":69996,"stat.useItem.minecraft.cooked_beef":13,"stat.pickup.harvestcraft.scallionitem":3,"stat.sneakTime":1555,"stat.useItem.minecraft.stone_sword":13,"stat.damageDealt":428,"stat.sleepInBed":1,"stat.craftItem.minecraft.bowl":4,"stat.timeSinceDeath":3648,"stat.pickup.spartanweaponry.hammer_iron":1,"stat.craftItem.minecraft.wooden_pickaxe":1,"stat.mineBlock.minecraft.stone":19,"stat.craftItem.forge.bucketfilled":1,"stat.diveOneCm":153,"stat.pickup.minecraft.wheat":48}