{"pixen.kill":1,"stat.pickup.lycanitesmobs.chaosorbcharge":1,"stat.leaveGame":22,"darkling.kill":1,"stat.mineBlock.ebwizardry.crystal_flower":1,"stat.entityKilledBy.toroquest_sentry":2,"stat.pickup.ebwizardry.spell_book":4,"stat.useItem.minecraft.planks":190,"stat.mineBlock.minecraft.web":12,"stat.pickup.minecraft.glowstone_dust":6,"stat.drop.minecraft.iron_sword":1,"stat.pickup.minecraft.rotten_flesh":15,"stat.pickup.minecraft.sand":38,"stat.pickup.minecraft.splash_potion":1,"stat.craftItem.minecraft.stone_axe":2,"stat.pickup.spartanweaponry.katana_iron":1,"stat.craftItem.minecraft.stone_sword":1,"stat.pickup.ebwizardry.spectral_dust":1,"stat.pickup.minecraft.chainmail_chestplate":1,"stat.pickup.minecraft.brown_mushroom":3,"stat.mineBlock.minecraft.sand":38,"stat.useItem.minecraft.iron_pickaxe":268,"stat.pickup.mod_lavacow.intestine":1,"stat.craftItem.minecraft.wooden_pickaxe":1,"stat.useItem.ebwizardry.magic_wand":1,"stat.craftItem.minecraft.bed":1,"stat.furnaceInteraction":64,"stat.killEntity.mocreatures:crab":1,"stat.useItem.minecraft.dark_oak_stairs":1,"necrovore.kill":2,"stat.killEntity.mod_lavacow.mimic":1,"stat.useItem.minecraft.cooked_mutton":7,"stat.pickup.lycanitesmobs.spectralboltcharge":7,"stat.craftItem.travelersbackpack.travelers_backpack":1,"stat.pickup.minecraft.iron_chestplate":1,"stat.pickup.minecraft.skull":1,"stat.pickup.tombstone.magic_scroll":1,"stat.pickup.mca.rose_gold_ore":7,"stat.mineBlock.vanillafoodpantry.natron_ore":15,"stat.pickup.minecraft.potion":1,"stat.craftItem.ebwizardry.magic_wand":1,"stat.pickup.ancientspellcraft.crystal_shard_ice":1,"stat.pickup.lycanitesmobs.tricksterflarecharge":2,"stat.pickup.minecraft.fermented_spider_eye":1,"stat.pickup.lycanitesmobs.raw_krake_meat":4,"stat.pickup.lycanitesmobs.raw_chupacabra_meat":4,"stat.deaths":6,"stat.playOneMinute":297991,"stat.craftItem.minecraft.wooden_shovel":1,"stat.craftItem.minecraft.iron_pickaxe":2,"stat.useItem.rustic.horsetail":3,"stat.pickup.minecraft.iron_bars":12,"stat.craftItem.minecraft.cooked_mutton":9,"stat.mineBlock.minecraft.tallgrass":4,"stat.chestOpened":103,"stat.useItem.minecraft.splash_potion":1,"stat.recordPlayed":2,"stat.pickup.minecraft.iron_sword":2,"stat.pickup.minecraft.arrow":9,"stat.craftItem.minecraft.dark_oak_stairs":8,"stat.killEntity.toroquest_sentry":2,"stat.fallOneCm":35479,"stat.crouchOneCm":9745,"stat.craftItem.minecraft.iron_ingot":56,"stat.craftItem.minecraft.chest":7,"stat.pickup.minecraft.red_mushroom":2,"stat.killEntity.mocreatures:ant":1,"stat.craftingTableInteraction":61,"stat.pickup.rustic.horsetail":5,"stat.mineBlock.minecraft.log2":10,"stat.pickup.minecraft.feather":3,"stat.pickup.minecraft.dye":6,"chupacabra.kill":1,"stat.pickup.minecraft.planks":20,"stat.pickup.minecraft.iron_leggings":1,"stat.pickup.minecraft.wheat_seeds":3,"stat.mineBlock.minecraft.gravel":7,"stat.useItem.minecraft.stone_pickaxe":262,"stat.useItem.mysticalworld.silkworm_egg":1,"stat.pickup.vanillafoodpantry.red_flint":2,"stat.useItem.minecraft.stone_sword":7,"stat.craftItem.minecraft.iron_leggings":1,"stat.mineBlock.minecraft.dirt":363,"stat.pickup.exoticbirds.flamingo_egg":1,"stat.useItem.minecraft.torch":53,"stat.useItem.minecraft.bread":2,"stat.pickup.minecraft.crafting_table":4,"stat.useItem.minecraft.log":23,"stat.useItem.minecraft.cobblestone":138,"stat.craftItem.minecraft.crafting_table":6,"stat.useItem.lycanitesmobs.cooked_krake_meat":2,"stat.pickup.toroquest.artifact_red":1,"stat.pickup.minecraft.log":237,"stat.pickup.mocreatures.medallion":4,"stat.drop.minecraft.stonebrick":1,"stat.killEntity.ebwizardry:shadow_wraith":1,"stat.drop.minecraft.sapling":1,"stat.pickup.minecraft.sapling":43,"stat.pickup.minecraft.apple":5,"stat.killEntity.ancientspellcraft:skeleton_mage":1,"stat.craftItem.minecraft.planks":556,"stat.useItem.minecraft.iron_sword":63,"stat.killEntity.WitherSkeleton":1,"stat.pickup.minecraft.stone_sword":1,"stat.useItem.minecraft.stonebrick":2,"stat.mineBlock.minecraft.log":254,"stat.entityKilledBy.ebwizardry:shadow_wraith":1,"stat.useItem.minecraft.spruce_door":1,"stat.pickup.minecraft.red_flower":2,"stat.sneakTime":6605,"stat.pickup.minecraft.wool":22,"stat.useItem.minecraft.baked_potato":3,"stat.useItem.minecraft.wooden_axe":58,"stat.mineBlock.ancientspellcraft.crystal_ore_ice":1,"stat.craftItem.minecraft.spruce_door":3,"stat.pickup.minecraft.bone":18,"stat.horseOneCm":29601,"stat.mineBlock.minecraft.cobblestone":46,"stat.pickup.mysticalworld.silk_cocoon":5,"stat.pickup.minecraft.flint":1,"stat.drop.minecraft.mossy_cobblestone":1,"stat.pickup.minecraft.leather_chestplate":1,"stat.pickup.mysticalworld.fish_and_chips":3,"stat.mineBlock.minecraft.brown_mushroom":1,"stat.craftItem.minecraft.wool":2,"stat.useItem.mysticalworld.fish_and_chips":3,"stat.swimOneCm":27121,"stat.climbOneCm":867,"strider.kill":1,"stat.useItem.minecraft.dirt":44,"stat.useItem.minecraft.cookie":1,"stat.useItem.minecraft.stone_slab2":32,"stat.drop.ebwizardry.magic_wand":1,"stat.craftItem.minecraft.furnace":2,"stat.craftItem.minecraft.iron_boots":1,"stat.pickup.mysticalworld.silkworm_egg":20,"stat.craftItem.minecraft.stone_pickaxe":2,"stat.craftItem.minecraft.cooked_beef":16,"stat.pickup.minecraft.cobblestone":284,"stat.useItem.minecraft.stone_shovel":357,"stat.flyOneCm":107349,"stat.pickup.minecraft.fish":2,"wraamon.kill":1,"stat.useItem.minecraft.cooked_beef":25,"stat.drop.minecraft.clay_ball":1,"stat.mineBlock.minecraft.iron_ore":59,"stat.timeSinceDeath":951,"stat.pickup.minecraft.mossy_cobblestone":2,"stat.killEntity.mod_lavacow.parasite":2,"stat.pickup.travelersbackpack.travelers_backpack":1,"stat.useItem.minecraft.potato":1,"stat.pickup.minecraft.wooden_axe":1,"stat.pickup.minecraft.chainmail_helmet":1,"stat.pickup.exoticbirds.mystery_egg":4,"stat.pickup.minecraft.stonebrick":25,"krake.kill":4,"stat.drop.minecraft.dirt":12,"stat.pickup.ancientspellcraft.unsealing_scroll":1,"stat.pickup.ebwizardry.magic_crystal":7,"stat.drop.cqrepoured.great_sword_iron":1,"stat.mineBlock.minecraft.coal_ore":51,"stat.mineBlock.mysticalworld.copper_ore":8,"stat.killEntity.Creeper":3,"stat.pickup.minecraft.shield":1,"stat.pickup.vanillafoodpantry.natron_crystals":30,"stat.talkedToVillager":17,"stat.craftItem.lycanitesmobs.cooked_krake_meat":2,"stat.pickup.minecraft.string":7,"stat.pickup.ebwizardry.magic_wand":9,"stat.pickup.vanillafoodpantry.rock_salt_crystals":33,"stat.pickup.tombstone.crafting_ingredient":9,"stat.craftItem.minecraft.stone_slab2":0,"stat.sprintOneCm":167436,"stat.craftItem.minecraft.stick":64,"stat.craftItem.minecraft.wooden_axe":1,"stat.mineBlock.minecraft.crafting_table":4,"stat.useItem.minecraft.carrot":12,"stat.useItem.minecraft.wooden_shovel":45,"stat.pickup.minecraft.leather_leggings":1,"stat.killEntity.mocreatures:cricket":2,"stat.mineBlock.minecraft.planks":4,"stat.drop":10,"stat.mineBlock.vanillafoodpantry.rock_salt_ore":9,"stat.killEntity.Zombie":7,"stat.craftItem.minecraft.dye":2,"stat.mineBlock.minecraft.gold_ore":10,"stat.diveOneCm":23302,"stat.drop.lycanitesmobs.raw_chupacabra_meat":1,"stat.pickup.minecraft.wheat":1,"stat.pickup.minecraft.gravel":5,"stat.pickup.byg.soapstone":1,"stat.craftItem.travelersbackpack.backpack_tank":2,"stat.jump":2874,"stat.pickup.minecraft.coal":65,"stat.useItem.minecraft.stone_axe":261,"stat.pickup.minecraft.gunpowder":4,"stat.craftItem.minecraft.torch":88,"stat.pickup.minecraft.dirt":356,"stat.craftItem.minecraft.iron_helmet":1,"stat.pickup.minecraft.iron_ore":59,"stat.mineBlock.mca.rose_gold_ore":7,"roc.kill":1,"stat.pickup.minecraft.gold_ore":10,"reaper.kill":2,"stat.useItem.minecraft.sapling":1,"stat.mineBlock.minecraft.iron_bars":5,"stat.pickup.toroquest.bandit_helmet":2,"stat.damageTaken":5544,"stat.pickup.minecraft.leather":7,"stat.mineBlock.minecraft.torch":9,"stat.mineBlock.minecraft.red_flower":2,"stat.useItem.minecraft.wooden_pickaxe":49,"stat.useItem.harvestcraft.radishitem":10,"stat.pickup.minecraft.log2":10,"stat.pickup.ebwizardry.crystal_flower":1,"stat.useItem.tombstone.grave_key":3,"tombstone:undead_killed":22,"stat.pickup.minecraft.quartz_block":3,"stat.pickup.minecraft.potato":1,"stat.damageDealt":7605,"stat.craftItem.minecraft.glass":38,"stat.useItem.lycanitesmobs.raw_chupacabra_meat":3,"stat.sleepInBed":10,"stat.killEntity.Cow":1,"stat.pickup.mysticalworld.amethyst_gem":3,"stat.pickup.cqrepoured.great_sword_iron":1,"stat.craftItem.minecraft.iron_sword":2,"stat.craftItem.minecraft.stone_shovel":3,"stat.useItem.exoticbirds.flamingo_egg":1,"stat.walkOneCm":1699483,"stat.pickup.minecraft.stick":1,"stat.pickup.minecraft.clay_ball":3,"stat.pickup.mysticalworld.copper_ore":8,"stat.useItem.minecraft.melon":1,"stat.useItem.tombstone.gift":1,"stat.pickup.minecraft.stone":72,"stat.craftItem.minecraft.iron_chestplate":1,"stat.pickup.minecraft.baked_potato":3,"stat.pickup.minecraft.ender_pearl":2,"stat.mineBlock.minecraft.packed_ice":14,"stat.pickup.minecraft.cooked_beef":4,"stat.pickup.minecraft.chorus_fruit":3,"stat.mineBlock.mysticalworld.amethyst_ore":3,"stat.killEntity.Skeleton":4,"stat.craftItem.travelersbackpack.sleeping_bag_bottom":1,"stat.pickup.minecraft.record_mall":1,"stat.mineBlock.minecraft.stonebrick":11,"stat.mineBlock.byg.soapstone":1,"stat.killEntity.Spider":1,"stat.mobKills":44,"stat.craftItem.minecraft.shears":1,"stat.mineBlock.minecraft.leaves":82,"stat.pickup.minecraft.torch":7,"stat.mineBlock.minecraft.stone":328}