{"stat.leaveGame":5,"darkling.kill":1,"stat.mineBlock.minecraft.cobblestone":8,"stat.pickup.mysticalworld.silk_cocoon":2,"stat.pickup.mysticalworld.fish_and_chips":3,"stat.mineBlock.minecraft.brown_mushroom":1,"stat.useItem.heroicarmory.sckalutues":40,"stat.useItem.mysticalworld.fish_and_chips":3,"stat.swimOneCm":8737,"stat.climbOneCm":867,"strider.kill":1,"stat.useItem.minecraft.dirt":6,"stat.useItem.minecraft.cookie":1,"stat.useItem.minecraft.stone_slab2":14,"stat.craftItem.minecraft.furnace":2,"stat.craftItem.minecraft.iron_boots":1,"stat.pickup.mysticalworld.silkworm_egg":2,"stat.craftItem.minecraft.stone_pickaxe":2,"stat.pickup.minecraft.cobblestone":238,"stat.craftItem.minecraft.stone_sword":1,"stat.flyOneCm":46001,"stat.pickup.ebwizardry.spectral_dust":1,"stat.mineBlock.minecraft.iron_ore":56,"stat.timeSinceDeath":29407,"stat.useItem.minecraft.iron_pickaxe":166,"stat.craftItem.minecraft.wooden_pickaxe":1,"stat.pickup.exoticbirds.mystery_egg":2,"stat.furnaceInteraction":23,"stat.killEntity.mocreatures:crab":1,"krake.kill":1,"stat.pickup.ancientspellcraft.unsealing_scroll":1,"stat.drop.cqrepoured.great_sword_iron":1,"stat.mineBlock.minecraft.coal_ore":46,"stat.mineBlock.mysticalworld.copper_ore":8,"stat.killEntity.Creeper":3,"stat.pickup.vanillafoodpantry.natron_crystals":30,"stat.craftItem.lycanitesmobs.cooked_krake_meat":2,"stat.pickup.vanillafoodpantry.rock_salt_crystals":24,"stat.craftItem.minecraft.stone_slab2":0,"stat.sprintOneCm":68385,"stat.craftItem.minecraft.stick":36,"stat.craftItem.minecraft.wooden_axe":1,"stat.pickup.mca.rose_gold_ore":7,"stat.mineBlock.vanillafoodpantry.natron_ore":15,"stat.mineBlock.minecraft.crafting_table":1,"stat.pickup.ancientspellcraft.crystal_shard_ice":1,"stat.useItem.minecraft.wooden_shovel":45,"stat.pickup.heroicarmory.terrariafalconblade":1,"stat.pickup.minecraft.fermented_spider_eye":1,"stat.pickup.lycanitesmobs.raw_krake_meat":2,"stat.useItem.heroicarmory.terrariafalconblade":1,"stat.pickup.lycanitesmobs.raw_chupacabra_meat":4,"stat.deaths":1,"stat.drop":2,"stat.playOneMinute":96444,"stat.craftItem.minecraft.wooden_shovel":1,"stat.mineBlock.vanillafoodpantry.rock_salt_ore":8,"stat.craftItem.minecraft.iron_pickaxe":1,"stat.useItem.rustic.horsetail":3,"stat.mineBlock.minecraft.gold_ore":10,"stat.diveOneCm":3131,"stat.drop.lycanitesmobs.raw_chupacabra_meat":1,"stat.chestOpened":23,"stat.recordPlayed":1,"stat.pickup.minecraft.gravel":5,"stat.pickup.byg.soapstone":1,"stat.jump":1345,"stat.pickup.minecraft.coal":46,"stat.fallOneCm":13984,"stat.pickup.minecraft.gunpowder":4,"stat.crouchOneCm":3401,"stat.craftItem.minecraft.torch":88,"stat.craftItem.minecraft.iron_ingot":21,"stat.craftItem.minecraft.chest":2,"stat.pickup.minecraft.dirt":52,"stat.craftItem.minecraft.iron_helmet":1,"stat.killEntity.mocreatures:ant":1,"stat.craftingTableInteraction":23,"stat.pickup.minecraft.iron_ore":56,"stat.pickup.rustic.horsetail":5,"stat.pickup.heroicarmory.sckalutues":1,"stat.mineBlock.mca.rose_gold_ore":7,"stat.pickup.heroicarmory.skyrimironsword":1,"stat.pickup.minecraft.gold_ore":10,"stat.damageTaken":1101,"stat.pickup.minecraft.leather":2,"stat.mineBlock.minecraft.torch":6,"stat.useItem.minecraft.wooden_pickaxe":49,"chupacabra.kill":1,"stat.useItem.tombstone.grave_key":1,"tombstone:undead_killed":2,"stat.mineBlock.minecraft.gravel":5,"stat.useItem.minecraft.stone_pickaxe":262,"stat.useItem.mysticalworld.silkworm_egg":1,"stat.pickup.vanillafoodpantry.red_flint":2,"stat.useItem.minecraft.stone_sword":7,"stat.craftItem.minecraft.iron_leggings":1,"stat.damageDealt":1921,"stat.useItem.lycanitesmobs.raw_chupacabra_meat":3,"stat.sleepInBed":1,"stat.mineBlock.minecraft.dirt":45,"stat.pickup.mysticalworld.amethyst_gem":3,"stat.pickup.cqrepoured.great_sword_iron":1,"stat.craftItem.minecraft.iron_sword":1,"stat.useItem.exoticbirds.flamingo_egg":1,"stat.walkOneCm":427114,"stat.pickup.exoticbirds.flamingo_egg":1,"stat.useItem.minecraft.torch":27,"stat.pickup.minecraft.stick":1,"stat.pickup.minecraft.crafting_table":1,"stat.useItem.minecraft.log":18,"stat.pickup.minecraft.clay_ball":2,"stat.useItem.minecraft.cobblestone":102,"stat.craftItem.minecraft.crafting_table":4,"stat.useItem.lycanitesmobs.cooked_krake_meat":2,"stat.pickup.mysticalworld.copper_ore":8,"stat.pickup.minecraft.log":53,"stat.pickup.minecraft.stone":62,"stat.pickup.minecraft.baked_potato":3,"stat.pickup.minecraft.sapling":6,"stat.pickup.minecraft.ender_pearl":1,"stat.mineBlock.mysticalworld.amethyst_ore":3,"stat.killEntity.ancientspellcraft:skeleton_mage":1,"stat.pickup.minecraft.record_mall":1,"stat.craftItem.minecraft.planks":140,"stat.mineBlock.byg.soapstone":1,"stat.mobKills":10,"stat.mineBlock.minecraft.log":59,"stat.mineBlock.minecraft.leaves":2,"stat.pickup.minecraft.torch":4,"stat.sneakTime":2540,"stat.useItem.minecraft.baked_potato":3,"stat.useItem.minecraft.wooden_axe":58,"stat.mineBlock.minecraft.stone":309,"stat.mineBlock.ancientspellcraft.crystal_ore_ice":1}