{"stat.useItem.minecraft.bow":5,"stat.pickup.lycanitesmobs.frostwebcharge":4,"stat.useItem.minecraft.painting":4,"darkling.kill":3,"stat.drop.byg.woodenmortar":1,"stat.pickup.harvestcraft.snapperrawitem":4,"stat.pickup.tombstone.familiar_stone":1,"stat.pickup.ebwizardry.spell_book":17,"stat.craftItem.lycanitesmobs.imptreat":4,"stat.mineBlock.minecraft.web":8,"stat.pickup.harvestcraft.sardinerawitem":3,"stat.pickup.minecraft.rotten_flesh":96,"warg.kill":1,"stat.drop.locks.iron_lock_pick":2,"stat.craftItem.minecraft.stone_axe":1,"stat.pickup.harvestcraft.catfishrawitem":3,"stat.drop.minecraft.leather_boots":1,"stat.pickup.netherex.wither_bone":1,"eechetik.kill":4,"stat.craftItem.minecraft.iron_shovel":1,"stat.pickup.minecraft.brown_mushroom":21,"stat.drop.mod_lavacow.intestine":2,"stat.pickup.harvestcraft.scallionitem":19,"stat.mineBlock.minecraft.end_stone":9,"stat.drop.ebwizardry.spell_book":4,"stat.useItem.minecraft.iron_pickaxe":1622,"stat.pickup.mod_lavacow.intestine":31,"stat.drop.minecraft.ender_eye":1,"stat.useItem.locks.diamond_lock_pick":3,"stat.furnaceInteraction":414,"stat.killEntity.mocreatures:crab":9,"stat.killEntity.toroquest_orc":3,"stat.killEntity.knight_fallen":1,"stat.pickup.minecraft.nether_brick":20,"necrovore.kill":6,"stat.pickup.cqrepoured.staff_fire":3,"stat.pickup.cqrepoured.spiked_glove":1,"stat.pickup.lycanitesmobs.spectralboltcharge":16,"stat.useItem.rustic.wildberries":4,"stat.drop.mysticalworld.silver_ore":4,"stat.craftItem.ebwizardry.magic_wand":2,"stat.useItem.minecraft.flint_and_steel":3,"stat.useItem.minecraft.wheat_seeds":20,"stat.killEntity.Husk":2,"stat.pickup.minecraft.emerald":13,"stat.drop.mod_lavacow.hyphae":3,"stat.pickup.lycanitesmobs.raw_chupacabra_meat":34,"stat.deaths":11,"stat.pickup.minecraft.bowl":6,"stat.pickup.lycanitesmobs.geistliver":20,"stat.craftItem.minecraft.wooden_shovel":1,"stat.craftItem.minecraft.iron_pickaxe":5,"stat.pickup.minecraft.item_frame":2,"stat.pickup.vanillafoodpantry.jungle_juice_jar":2,"stat.craftItem.minecraft.cooked_mutton":12,"stat.fishCaught":14,"stat.drop.mocreatures.crabcooked":1,"stat.chestOpened":952,"stat.craftItem.minecraft.mushroom_stew":14,"stat.craftItem.minecraft.sign":3,"stat.pickup.minecraft.iron_sword":3,"geist.kill":10,"stat.useItem.tombstone.fishing_rod_of_misadventure":115,"stat.pickup.minecraft.carrot":53,"stat.pickup.treasure2.silver_coin":1,"stat.pickup.lycanitesmobs.doomfireballcharge":18,"stat.crouchOneCm":36689,"stat.craftItem.exoticbirds.cooked_birdmeat":7,"stat.useItem.mod_lavacow.mimic_claw_cooked":3,"stat.craftItem.minecraft.iron_ingot":248,"stat.pickup.rustic.grape_stem":2,"stat.craftingTableInteraction":136,"stat.mineBlock.minecraft.wooden_pressure_plate":2,"stat.drop.byg.soapstone":8,"stat.pickup.minecraft.mushroom_stew":1,"stat.mineBlock.minecraft.log2":1,"stat.pickup.minecraft.dye":88,"stat.pickup.minecraft.planks":25,"stat.killEntity.skeleton_frozen":1,"stat.craftItem.locks.iron_lock_pick":4,"stat.craftItem.mysticalworld.cooked_aubergine":5,"stat.pickup.minecraft.ice":8,"stat.pickup.lycanitesmobs.raw_silex_meat":15,"stat.useItem.jjskill.bottle_skill_exp":13,"stat.pickup.harvestcraft.maplesyrupitem":6,"stat.drop.minecraft.rotten_flesh":2,"stat.mineBlock.harvestcraft.pamgooseberry":1,"stat.pickup.harvestcraft.eelrawitem":5,"stat.pickup.mysticalworld.aubergine":8,"stat.useItem.harvestcraft.sweetpotatoitem":2,"stat.pickup.vanillafoodpantry.wolf_spirit_element":1,"stat.mineBlock.exoticbirds.nest":3,"stat.pickup.minecraft.end_stone":7,"stat.drop.minecraft.fish":1,"stat.craftItem.minecraft.bucket":2,"stat.craftItem.minecraft.planks":684,"stat.useItem.minecraft.iron_sword":64,"stat.craftItem.minecraft.fishing_rod":2,"stat.pickup.minecraft.stone_sword":2,"stat.pickup.harvestcraft.octopusrawitem":6,"stat.pickup.minecraft.book":16,"stat.useItem.minecraft.stonebrick":10,"stat.pickup.megaloot.tool_axe":2,"stat.useItem.carryon.entity_item":6,"stat.drop.minecraft.leather_leggings":2,"stat.craftItem.vanillafoodpantry.portion_sugar":4,"stat.killEntity.siren":1,"stat.mineBlock.ancientspellcraft.crystal_ore_ice":14,"stat.craftItem.harvestcraft.saucepanitem":1,"stat.pickup.minecraft.tripwire_hook":1,"stat.mineBlock.minecraft.cobblestone":20,"stat.mineBlock.minecraft.pumpkin":38,"stat.pickup.vanillafoodpantry.dark_empty_jar":6,"stat.pickup.minecraft.flint":3,"raiko.kill":6,"stat.pickup.minecraft.leather_chestplate":3,"stat.drop.minecraft.cobblestone":1,"stat.useItem.minecraft.stone_slab2":813,"stat.pickup.minecraft.iron_boots":4,"stat.pickup.artifacts.lucky_clover":1,"stat.craftItem.minecraft.furnace":18,"stat.pickup.mocreatures.crabcooked":1,"stat.craftItem.minecraft.iron_boots":2,"stat.pickup.mysticalworld.silkworm_egg":9,"stat.useItem.exoticbirds.cooked_birdmeat":4,"stat.mineBlock.minecraft.clay":31,"stat.pickup.minecraft.diamond_leggings":2,"stat.pickup.spartanweaponry.caestus":1,"stat.drop.minecraft.spider_eye":3,"stat.pickup.ancientspellcraft.ancient_spellcraft_spell_book":3,"stat.craftItem.minecraft.iron_block":3,"stat.pickup.exoticbirds.mystery_egg":9,"stat.drop.minecraft.flint_and_steel":1,"stat.mineBlock.mysticalworld.copper_ore":11,"stat.killEntity.Creeper":1,"stat.pickup.minecraft.wooden_sword":4,"stat.drop.megaloot.tool_pickaxe":2,"stat.entityKilledBy.ancientspellcraft:skeleton_mage":1,"stat.useItem.heroicarmory.rotmgarchonsword":217,"grue.kill":1,"stat.pickup.tombstone.crafting_ingredient":39,"stat.pickup.lycanitesmobs.raw_arisaur_meat":4,"stat.pickup.harvestcraft.bassrawitem":2,"stat.sprintOneCm":1527332,"stat.pickup.harvestcraft.tunarawitem":3,"stat.drop.minecraft.leather":3,"stat.useItem.tombstone.magic_scroll":7,"stat.useItem.carryon.tile_item":25,"stat.drop.ebwizardry.wizard_handbook":1,"stat.pickup.minecraft.leather_leggings":5,"stat.pickup.mocreatures.crabraw":2,"stat.pickup.ebwizardry.ruined_spell_book":5,"stat.craftItem.minecraft.emerald":9,"stat.killEntity.Zombie":44,"stat.craftItem.minecraft.dye":2,"stat.mineBlock.minecraft.gold_ore":16,"stat.craftItem.minecraft.slime_ball":4,"stat.pickup.minecraft.wheat":42,"stat.mineBlock.minecraft.mossy_cobblestone":1,"stat.pickup.minecraft.sign":1,"stat.craftItem.minecraft.cooked_porkchop":13,"stat.pickup.minecraft.obsidian":18,"stat.useItem.byg.soapstone":5,"stat.useItem.megaloot.tool_pickaxe":182,"stat.pickup.minecraft.coal":348,"stat.pickup.minecraft.iron_ingot":5,"stat.drop.minecraft.wooden_sword":1,"stat.pickup.minecraft.dirt":546,"stat.pickup.useless_sword.witherbone":2,"stat.drop.megaloot.tool_shovel":1,"stat.pickup.tombstone.fishing_rod_of_misadventure":1,"stat.pickup.harvestcraft.walleyerawitem":2,"stat.drop.farlanders.endumium_crystal":2,"stat.mineBlock.minecraft.lapis_ore":10,"stat.pickup.toroquest.bandit_helmet":13,"stat.pickup.minecraft.iron_axe":1,"stat.brewingstandInteraction":1,"stat.mineBlock.minecraft.torch":5,"stat.mineBlock.minecraft.red_flower":4,"stat.tradedWithVillager":9,"stat.pickup.harvestcraft.pawpawitem":2,"stat.pickup.minecraft.ender_eye":4,"stat.pickup.vanillafoodpantry.empty_jar":3,"stat.craftItem.mod_lavacow.mimic_claw_cooked":5,"stat.pickup.minecraft.rabbit_hide":1,"volcan.kill":2,"stat.pickup.locks.iron_lock_pick":2,"stat.drop.harvestcraft.anchovyrawitem":1,"stat.killEntity.ebwizardry:spectral_golem":1,"stat.drop.minecraft.wheat":12,"stat.useItem.ancientspellcraft.ice_cream":5,"stat.useItem.minecraft.lava_bucket":1,"herma.kill":1,"stat.useItem.minecraft.melon":24,"stat.useItem.tombstone.gift":3,"stat.useItem.minecraft.item_frame":8,"stat.pickup.harvestcraft.spiceleafitem":22,"stat.useItem.byg.purplesage":4,"stat.craftItem.lycanitesmobs.cooked_silex_meat":8,"stat.killEntity.mod_lavacow.undeadswine":1,"stat.useItem.harvestcraft.maplesyrupitem":2,"stat.pickup.minecraft.cooked_beef":2,"stat.killEntity.deers":2,"stat.drop.mysticalworld.fish_and_chips":7,"stat.craftItem.byg.pumpkinmash":6,"stat.mineBlock.byg.soapstone":27,"stat.pickup.travelersbackpack.backpack_tank":1,"stat.mobKills":498,"stat.pickup.minecraft.diamond_boots":1,"stat.mineBlock.minecraft.bookshelf":2,"stat.pickup.minecraft.diamond":16,"stat.pickup.minecraft.beetroot_seeds":1,"stat.craftItem.minecraft.spruce_stairs":4,"stat.useItem.harvestcraft.rhubarbitem":6,"stat.mineBlock.ebwizardry.crystal_flower":30,"stat.pickup.grimoireofgaia.misc_soul_fire":1,"stat.useItem.lycanitesmobs.cooked_chupacabra_meat":24,"stat.pickup.minecraft.golden_boots":3,"stat.pickup.minecraft.glowstone_dust":25,"stat.drop.minecraft.bowl":2,"stat.pickup.lycanitesmobs.cooked_chupacabra_meat":1,"stat.mineBlock.minecraft.red_mushroom":5,"stat.mineBlock.minecraft.stone_brick_stairs":2,"stat.drop.ebwizardry.identification_scroll":1,"stat.pickup.minecraft.splash_potion":3,"stat.drop.lycanitesmobs.doomfireballcharge":7,"stat.pickup.harvestcraft.sweetpotatoitem":17,"stat.pickup.lycanitesmobs.aquapulsecharge":6,"shade.kill":1,"stat.craftItem.minecraft.stone_sword":1,"stat.drop.megaloot.tool_axe":2,"stat.pickup.ebwizardry.spectral_dust":22,"stat.pickup.minecraft.chainmail_chestplate":2,"stat.mineBlock.minecraft.sand":48,"stat.pickup.exoticbirds.phoenix_dust":1,"stat.pickup.minecraft.ghast_tear":2,"stat.pickup.minecraft.armor_stand":2,"stat.pickup.cqrepoured.hookshot":1,"stat.pickup.lycanitesmobs.frostboltcharge":2,"stat.useItem.tombstone.lost_tablet":2,"stat.craftItem.minecraft.pumpkin_seeds":16,"stat.drop.lycanitesmobs.cooked_bobeko_meat":1,"stat.pickup.lycanitesmobs.raw_bobeko_meat":8,"stat.useItem.minecraft.cooked_mutton":8,"stat.craftItem.travelersbackpack.travelers_backpack":1,"stat.drop.minecraft.fishing_rod":1,"stat.useItem.megaloot.weaponsword":460,"stat.pickup.minecraft.pumpkin_seeds":6,"stat.drop.minecraft.snowball":8,"stat.pickup.minecraft.fermented_spider_eye":5,"stat.pickup.minecraft.saddle":1,"stat.pickup.harvestcraft.tilapiarawitem":4,"stat.useItem.lycanitesmobs.cooked_silex_meat":8,"stat.pickup.cqrepoured.staff_vampiric":3,"stat.drop.minecraft.chest":1,"stat.pickup.megaloot.armor_helmet":2,"quetzodracl.kill":2,"stat.pickup.minecraft.pumpkin":38,"stat.pickup.minecraft.spruce_door":8,"stat.recordPlayed":4,"stat.pickup.spartanweaponry.battleaxe_stone":1,"stat.pickup.minecraft.waterlily":1,"stat.killEntity.salmon":4,"stat.useItem.byg.pumpkinmash":1,"stat.drop.mysticalworld.silk_cocoon":3,"stat.craftItem.minecraft.iron_hoe":2,"wendigo.kill":2,"stat.pickup.tombstone.tablet_of_cupidity":1,"stat.useItem.minecraft.experience_bottle":117,"stat.drop.minecraft.stone":17,"stat.pickup.exoticbirds.swan_egg":1,"stat.pickup.minecraft.melon_seeds":1,"arix.kill":15,"stat.drop.minecraft.bone":2,"stat.useItem.minecraft.furnace":6,"stat.drop.iceandfire.bestiary":1,"stat.pickup.treasure2.copper_coin":2,"stat.pickup.harvestcraft.greenheartfishitem":4,"stat.pickup.vanillafoodpantry.animal_hide_tie":1,"stat.pickup.minecraft.iron_leggings":2,"stat.craftItem.vanillafoodpantry.wolf_cooked":9,"stat.mineBlock.minecraft.gravel":12,"stat.pickup.farlanders.endumium_crystal":6,"stat.useItem.minecraft.torch":322,"stat.craftItem.mysticalworld.silk_thread":79,"stat.pickup.minecraft.iron_nugget":4,"stat.useItem.harvestcraft.spiceleafitem":1,"stat.pickup.cqrepoured.cursed_bone":2,"stat.craftItem.minecraft.stone_stairs":4,"stat.pickup.minecraft.crafting_table":2,"stat.useItem.minecraft.log":31,"stat.craftItem.minecraft.crafting_table":11,"stat.mineBlock.ebwizardry.crystal_ore":33,"stat.pickup.vanillafoodpantry.flint_cutter":6,"stat.useItem.minecraft.cooked_fish":35,"stat.pickup.lycanitesmobs.waterjetcharge":2,"stat.pickup.jjskill.justice_sword":1,"stat.craftItem.harvestcraft.bakewareitem":1,"stat.pickup.minecraft.sapling":21,"stat.drop.minecraft.melon_seeds":1,"stat.craftItem.iceandfire.bestiary":1,"stat.pickup.minecraft.beetroot":3,"stat.craftItem.lycanitesmobs.cooked_chupacabra_meat":37,"stat.killEntity.WitherSkeleton":5,"stat.mineBlock.mod_lavacow.glowshroom":3,"stat.drop.lycanitesmobs.cooked_chupacabra_meat":5,"stat.craftItem.minecraft.sugar":4,"stat.pickup.harvestcraft.juteitem":18,"stat.pickup.harvestcraft.tealeafitem":16,"stat.pickup.minecraft.rabbit":1,"stat.useItem.minecraft.baked_potato":2,"stat.useItem.lycanitesmobs.impspawn":3,"stat.useItem.minecraft.fishing_rod":79,"stat.pickup.minecraft.bone":190,"stat.useItem.minecraft.mushroom_stew":15,"stat.drop.lycanitesmobs.cooked_silex_meat":1,"stat.pickup.vanillafoodpantry.milkdrink":2,"stat.killEntity.ancientspellcraft:wolf_minion":4,"stat.drop.minecraft.mossy_cobblestone":2,"stat.pickup.lycanitesmobs.tundracharge":2,"stat.useItem.harvestcraft.tealeafitem":2,"stat.mineBlock.minecraft.brown_mushroom":6,"stat.climbOneCm":7716,"trite.kill":10,"stat.useItem.mod_lavacow.spectral_dagger":1,"stat.pickup.minecraft.golden_helmet":1,"stat.useItem.locks.iron_lock_pick":6,"stat.useItem.minecraft.iron_ore":2,"stat.craftItem.minecraft.stone_pickaxe":3,"stat.pickup.minecraft.cobblestone":779,"stat.drop.lycanitesmobs.imptreat":3,"stat.mineBlock.iceandfire.lectern":1,"stat.useItem.harvestcraft.whitemushroomitem":1,"stat.useItem.minecraft.cooked_beef":30,"stat.drop.minecraft.clay_ball":3,"stat.pickup.minecraft.redstone":19,"stat.mineBlock.minecraft.iron_ore":287,"stat.pickup.minecraft.mossy_cobblestone":4,"stat.pickup.lycanitesmobs.frostyfur":14,"stat.drop.minecraft.iron_bars":7,"stat.drop.minecraft.dirt":4,"stat.useItem.minecraft.cooked_porkchop":12,"stat.craftItem.lycanitesmobs.cooked_krake_meat":7,"stat.useItem.minecraft.spruce_fence":9,"stat.pickup.minecraft.paper":9,"stat.craftItem.minecraft.stick":284,"stat.pickup.treasure2.charm_book":1,"stat.craftItem.minecraft.gold_nugget":10,"stat.useItem.harvestcraft.turnipitem":1,"stat.pickup.minecraft.golden_horse_armor":1,"stat.pickup.minecraft.diamond_chestplate":1,"stat.mineBlock.minecraft.planks":25,"stat.drop.megaloot.weaponsword":1,"stat.drop":265,"stat.pickup.minecraft.jukebox":2,"stat.drop.ebwizardry.spectral_dust":3,"stat.pickup.harvestcraft.garlicitem":25,"stat.drop.minecraft.nether_wart":5,"stat.killEntity.cod":3,"stat.pickup.spartanweaponry.longbow_wood":1,"stat.drop.treasure2.leaf_key":1,"stat.useItem.minecraft.waterlily":1,"stat.useItem.minecraft.apple":7,"stat.drop.ancientspellcraft.ancient_spellcraft_spell_book":3,"stat.killEntity.cqr_necromancer":1,"stat.useItem.minecraft.potion":5,"stat.pickup.vanillafoodpantry.bit_pipette":3,"stat.craftItem.harvestcraft.cuttingboarditem":1,"stat.pickup.harvestcraft.blackberryitem":22,"stat.craftItem.travelersbackpack.backpack_tank":1,"stat.useItem.minecraft.stone_axe":17,"stat.mineBlock.harvestcraft.shadedgarden":96,"stat.pickup.byg.scoria":9,"stat.craftItem.minecraft.iron_helmet":1,"stat.pickup.mod_lavacow.glowshroom":6,"stat.useItem.exoticbirds.hummingbird_egg":1,"stat.boatOneCm":38188,"ioray.kill":1,"stat.pickup.rustic.tomato_seeds":2,"stat.mineBlock.minecraft.furnace":6,"stat.pickup.minecraft.prismarine_shard":20,"stat.useItem.ebwizardry.apprentice_wand":2,"stat.killEntity.CaveSpider":2,"stat.useItem.tombstone.grave_key":2,"stat.damageDealt":79521,"stat.craftItem.minecraft.bowl":12,"stat.craftItem.minecraft.anvil":1,"stat.craftItem.mysticalworld.stuffed_aubergine":4,"stat.craftItem.minecraft.stone_shovel":1,"stat.pickup.minecraft.stick":11,"bobeko.kill":2,"stat.drop.treasure2.silver_coin":3,"stat.craftItem.harvestcraft.mortarandpestleitem":1,"stat.useItem.minecraft.spruce_stairs":20,"stat.pickup.harvestcraft.zucchiniitem":16,"stat.pickup.minecraft.chorus_fruit":23,"stat.mineBlock.byg.brownbirchleaves":7,"stat.drop.ancientspellcraft.ritual_book":1,"stat.pickup.ebwizardry.runestone":3,"stat.killEntity.exoticbirds.pigeon":2,"stat.killEntity.Boulderer":2,"stat.pickup.ebwizardry.wizard_handbook":1,"belph.kill":6,"stat.pickup.lycanitesmobs.spectretendril":1,"stat.mineBlock.minecraft.leaves":12,"stat.pickup.vanillafoodpantry.ink_pearl_shard":3,"stat.mineBlock.minecraft.bone_block":1,"stat.drop.artifacts.star_cloak":1,"pixen.kill":3,"stat.leaveGame":9,"stat.entityKilledBy.toroquest_sentry":1,"stat.drop.vanillafoodpantry.ink_pearl_shard":1,"stat.mineBlock.minecraft.sandstone":2,"stat.craftItem.minecraft.string":4,"stat.mineBlock.harvestcraft.beehive":1,"stat.craftItem.minecraft.shield":1,"stat.craftItem.minecraft.stone_pressure_plate":1,"stat.drop.minecraft.feather":1,"silex.kill":8,"stat.pickup.exoticbirds.eggshell":3,"stat.pickup.iceandfire.witherbone":3,"stat.pickup.farlanders.titan_hide":5,"stat.pickup.minecraft.leather_boots":10,"stat.useItem.locks.wood_lock_pick":8,"stat.pickup.harvestcraft.radishitem":23,"stat.killEntity.Witch":1,"stat.drop.minecraft.sand":5,"stat.drop.minecraft.tnt":1,"stat.pickup.iceandfire.silver_ingot":1,"stat.useItem.minecraft.iron_shovel":402,"stat.pickup.harvestcraft.rhubarbitem":21,"stat.useItem.ebwizardry.magic_wand":2,"stat.craftItem.harvestcraft.skilletitem":1,"stat.mineBlock.minecraft.vine":1,"stat.drop.minecraft.gravel":1,"stat.useItem.minecraft.pumpkin_seeds":19,"stat.pickup.iceandfire.manuscript":2,"stat.pickup.harvestcraft.grouperrawitem":4,"stat.killEntity.mod_lavacow.mimic":2,"stat.pickup.minecraft.beef":9,"stat.pickup.ebwizardry.arcane_tome":6,"stat.pickup.exoticbirds.pigeon_egg":7,"stat.pickup.minecraft.leather_helmet":6,"stat.killEntity.exoticbirds.duck":4,"stat.drop.byg.scoria":1,"stat.useItem.mysticalworld.aubergine_seed":4,"stat.pickup.minecraft.potion":3,"stat.pickup.tombstone.scroll_buff":1,"stat.pickup.ancientspellcraft.crystal_shard_ice":14,"stat.pickup.lycanitesmobs.tricksterflarecharge":12,"stat.pickup.lycanitesmobs.imptreat":1,"stat.pickup.lycanitesmobs.raw_krake_meat":8,"stat.drop.vanillafoodpantry.dark_empty_jar":1,"stat.killEntity.cqr_skeleton":98,"stat.useItem.minecraft.nether_brick":18,"stat.craftItem.harvestcraft.oliveoilitem":4,"stat.drop.minecraft.glass_bottle":4,"stat.mineBlock.minecraft.tallgrass":22,"stat.useItem.minecraft.cooked_rabbit":1,"stat.useItem.minecraft.splash_potion":4,"stat.useItem.minecraft.stone":13,"stat.pickup.minecraft.arrow":125,"stat.pickup.minecraft.wooden_pressure_plate":2,"stat.drop.tombstone.lost_tablet":1,"stat.useItem.mocreatures.crabcooked":3,"stat.useItem.mysticalworld.stuffed_aubergine":4,"stat.drop.minecraft.mushroom_stew":1,"stat.pickup.minecraft.painting":6,"stat.killEntity.mocreatures:ant":1,"stat.drop.exoticbirds.eggshell":3,"stat.killEntity.mocreatures:bunny":1,"stat.useItem.minecraft.reeds":22,"stat.pickup.harvestcraft.herringrawitem":3,"chupacabra.kill":13,"stat.pickup.minecraft.wheat_seeds":31,"stat.killEntity.fallenmount":1,"stat.mineBlock.minecraft.glass":1,"stat.craftItem.ebwizardry.wizard_handbook":2,"stat.pickup.mod_lavacow.plagued_porkchop":2,"stat.mineBlock.minecraft.dirt":580,"stat.pickup.minecraft.poisonous_potato":1,"stat.useItem.minecraft.bread":18,"stat.useItem.minecraft.cobblestone":195,"stat.useItem.lycanitesmobs.cooked_krake_meat":7,"stat.useItem.minecraft.gravel":4,"stat.mineBlock.minecraft.double_plant":5,"reiver.kill":1,"stat.pickup.treasure2.wood_lock":1,"stat.useItem.harvestcraft.octopuscookeditem":1,"stat.mineBlock.byg.birchleavesyellow":2,"stat.pickup.minecraft.iron_pickaxe":2,"stat.craftItem.minecraft.gold_ingot":16,"stat.pickup.locks.wood_lock_pick":1,"stat.craftItem.lycanitesmobs.cooked_bobeko_meat":8,"stat.pickup.lycanitesmobs.ioraystinger":1,"stat.mineBlock.minecraft.log":237,"stat.mineBlock.farlanders.endumium_ore":5,"stat.useItem.minecraft.spruce_door":6,"stat.pickup.minecraft.red_flower":6,"stat.pickup.minecraft.wool":1,"stat.useItem.minecraft.wooden_axe":23,"lacedon.kill":2,"stat.pickup.lycanitesmobs.sprigganheart":2,"stat.craftItem.minecraft.cooked_rabbit":1,"stat.useItem.minecraft.iron_axe":300,"stat.pickup.mysticalworld.silk_cocoon":20,"stat.pickup.mysticalworld.fish_and_chips":50,"stat.craftItem.minecraft.wool":7,"stat.pickup.harvestcraft.jellyfishrawitem":4,"stat.pickup.minecraft.enchanted_book":8,"stat.drop.vanillafoodpantry.milkdrink":1,"stat.useItem.harvestcraft.tomatoitem":3,"stat.pickup.lycanitesmobs.eechetikarm":1,"stat.useItem.minecraft.cookie":5,"stat.pickup.minecraft.bow":1,"stat.craftItem.minecraft.cooked_beef":28,"stat.mineBlock.minecraft.obsidian":6,"stat.drop.lycanitesmobs.geistliver":3,"stat.craftItem.minecraft.bow":1,"stat.flyOneCm":2175009,"stat.pickup.minecraft.sandstone":1,"stat.pickup.rustic.honeycomb":1,"stat.useItem.spartanweaponry.battleaxe_stone":3,"stat.pickup.minecraft.fish":47,"stat.craftItem.mysticalworld.copper_ingot":9,"stat.pickup.byg.woodenmortar":1,"stat.timeSinceDeath":482907,"stat.pickup.ebwizardry.arcane_workbench":1,"stat.craftItem.ebwizardry.magic_crystal":46,"stat.killEntity.mod_lavacow.parasite":2,"stat.pickup.harvestcraft.whitemushroomitem":28,"stat.pickup.travelersbackpack.travelers_backpack":9,"stat.pickup.harvestcraft.beanitem":19,"stat.pickup.mod_lavacow.hyphae":5,"stat.useItem.minecraft.potato":46,"stat.pickup.minecraft.chainmail_helmet":3,"stat.pickup.minecraft.nether_wart":13,"stat.pickup.minecolonies.supplychestdeployer":2,"stat.pickup.minecraft.spruce_fence":1,"stat.killEntity.Wolf":2,"stat.mineBlock.minecraft.coal_ore":355,"stat.drop.cqrepoured.great_sword_iron":1,"stat.pickup.minecraft.shield":2,"stat.talkedToVillager":112,"stat.drop.minecraft.baked_potato":4,"stat.pickup.minecraft.string":86,"stat.pickup.artifacts.star_cloak":1,"stat.craftItem.byg.pumpkinbread":3,"stat.pickup.minecraft.bone_block":1,"stat.killEntity.ebwizardry:evil_wizard":2,"stat.pickup.farlanders.ender_horn":2,"stat.mineBlock.minecraft.diamond_ore":15,"stat.drop.exoticbirds.phoenix_dust":1,"beholder.kill":2,"stat.drop.lycanitesmobs.impspawn":1,"stat.mineBlock.vanillafoodpantry.rock_salt_ore":7,"stat.useItem.harvestcraft.zucchiniitem":1,"stat.pickup.minecraft.snowball":37,"stat.diveOneCm":440322,"stat.useItem.vanillafoodpantry.wolf_cooked":9,"stat.pickup.minecraft.stone_axe":2,"abaia.kill":4,"stat.pickup.lycanitesmobs.grueclaw":1,"stat.useItem.minecraft.rotten_flesh":1,"stat.jump":10394,"stat.useItem.minecraft.sand":63,"stat.craftItem.minecraft.torch":284,"stat.useItem.minecraft.glass":1,"roc.kill":8,"stat.pickup.lycanitesmobs.poisongland":4,"stat.pickup.minecraft.gold_ore":29,"reaper.kill":3,"stat.useItem.minecraft.sapling":1,"stat.damageTaken":-2147461434,"stat.pickup.ebwizardry.scroll":16,"stat.craftItem.harvestcraft.octopuscookeditem":1,"stat.useItem.harvestcraft.radishitem":2,"stat.pickup.ebwizardry.crystal_flower":28,"stat.pickup.minecraft.log2":5,"stat.pickup.minecraft.bed":7,"stat.pickup.artifacts.thorn_pendant":1,"stat.pickup.vanillafoodpantry.oak_acorn":1,"stat.pickup.minecraft.quartz_block":18,"stat.pickup.minecraft.potato":96,"stat.pickup.harvestcraft.carprawitem":2,"stat.pickup.exoticbirds.birdmeat":7,"stat.killEntity.Silverfish":13,"stat.craftItem.minecraft.stone_slab":12,"stat.pickup.mysticalworld.silver_ore":9,"stat.useItem.minecraft.chest":7,"stat.pickup.mysticalworld.copper_ore":11,"stat.pickup.mod_lavacow.mimic_claw":6,"stat.mineBlock.harvestcraft.pampawpaw":1,"stat.craftItem.locks.wood_lock_pick":29,"stat.useItem.megaloot.tool_axe":6,"stat.pickup.vanillafoodpantry.small_bone":4,"stat.pickup.harvestcraft.troutrawitem":3,"stat.useItem.harvestcraft.scallionitem":1,"stat.useItem.exoticbirds.lyrebird_egg":1,"stat.craftItem.minecraft.iron_chestplate":2,"stat.pickup.minecraft.ender_pearl":27,"stat.craftItem.travelersbackpack.sleeping_bag_bottom":1,"stat.mineBlock.minecraft.stonebrick":36,"stat.pickup.harvestcraft.queenbeeitem":2,"stat.drop.tombstone.magic_scroll":1,"stat.pickup.minecraft.torch":34,"stat.killEntity.ebwizardry:remnant":2,"stat.useItem.byg.pumpkinbread":9,"stat.drop.minecraft.stone_axe":1,"stat.pickup.heroicarmory.rszamorakgodsword":2,"stat.drop.minecraft.arrow":1,"stat.craftItem.harvestcraft.saltitem":3,"stat.craftItem.minecraft.iron_axe":1,"stat.useItem.ebwizardry.advanced_wand":5,"stat.pickup.ancientspellcraft.ritual_book":1,"stat.pickup.minecraft.fishing_rod":1,"stat.useItem.minecraft.planks":433,"stat.useItem.tombstone.familiar_stone":2,"stat.pickup.minecraft.glass":2,"stat.pickup.megaloot.weaponsword":1,"stat.drop.ebwizardry.magic_crystal":13,"stat.useItem.minecraft.water_bucket":278,"stat.pickup.minecraft.sand":45,"stat.useItem.minecolonies.supplychestdeployer":1,"stat.pickup.iceandfire.bestiary":2,"stat.craftItem.harvestcraft.juiceritem":1,"stat.pickup.minecraft.name_tag":3,"stat.useItem.vanillafoodpantry.roasted_pumpkin_portion":9,"stat.useItem.minecraft.ender_pearl":1,"stat.pickup.exoticbirds.kookaburra_egg":2,"stat.mineBlock.byg.scoria":25,"stat.pickup.harvestcraft.charrrawitem":2,"stat.pickup.lycanitesmobs.arcanelaserstormcharge":4,"stat.craftItem.minecraft.cooked_fish":56,"stat.pickup.vanillafoodpantry.wolf_raw":9,"stat.useItem.heroicarmory.rszamorakgodsword":523,"stat.useItem.harvestcraft.leekitem":2,"stat.pickup.harvestcraft.turnipitem":34,"stat.pickup.mod_lavacow.undyingheart":1,"stat.mineBlock.ebwizardry.runestone":3,"stat.pickup.minecraft.furnace":6,"tombstone:consume_soul":2,"stat.drop.ebwizardry.ruined_spell_book":1,"stat.pickup.minecraft.iron_chestplate":7,"stat.useItem.minecraft.stone_stairs":1,"stat.pickup.minecraft.skull":3,"stat.pickup.tombstone.magic_scroll":10,"stat.useItem.harvestcraft.blackberryitem":1,"stat.drop.heroicarmory.rszamorakgodsword":1,"stat.pickup.harvestcraft.perchrawitem":4,"stat.pickup.mod_lavacow.pigboarhide":1,"stat.mineBlock.travelersbackpack.sleeping_bag_bottom":2,"stat.playOneMinute":1564842,"stat.drop.minecraft.string":4,"stat.pickup.mysticalworld.aubergine_seed":11,"stat.pickup.minecraft.iron_bars":18,"stat.drop.vanillafoodpantry.rock_salt_crystals":2,"stat.pickup.harvestcraft.tomatoitem":24,"stat.mineBlock.treasure2.gold_skull_chest":1,"stat.drop.heroicarmory.skyrimironsword":1,"stat.killEntity.toroquest_sentry":7,"stat.fallOneCm":245938,"stat.pickup.exoticbirds.hummingbird_egg":2,"stat.drop.minecraft.dye":2,"stat.pickup.artifacts.pocket_piston":1,"stat.craftItem.minecraft.chest":11,"stat.pickup.minecraft.red_mushroom":27,"stat.useItem.minecraft.iron_hoe":170,"stat.pickup.rustic.horsetail":2,"stat.pickup.treasure2.leaf_key":2,"stat.craftItem.mysticalworld.fish_and_chips":16,"stat.pickup.iceandfire.lectern":1,"stat.drop.heroicarmory.rotmgarchonsword":1,"jengu.kill":7,"stat.pickup.minecraft.feather":26,"stat.mineBlock.mysticalworld.silver_ore":9,"gnekk.kill":2,"stat.killEntity.cqr_illager":4,"stat.pickup.useless_sword.vexectoplasm":2,"stat.mineBlock.minecraft.spruce_fence":1,"stat.craftItem.elderarsenal.iron_shield":1,"stat.craftItem.vanillafoodpantry.roasted_pumpkin_portion":9,"stat.useItem.minecraft.stone_pickaxe":280,"stat.useItem.mysticalworld.silkworm_egg":1,"stat.useItem.minecraft.stone_sword":32,"stat.craftItem.minecraft.iron_leggings":1,"stat.pickup.vanillafoodpantry.red_flint":1,"stat.pickup.minecraft.chainmail_boots":2,"stat.drop.minecraft.stick":1,"stat.mineBlock.minecraft.monster_egg":1,"stat.craftItem.mysticalworld.silver_ingot":5,"stat.pickup.minecraft.log":228,"stat.pickup.treasure2.silver_ring":1,"stat.mineBlock.harvestcraft.pammaple":5,"stat.pickup.artifacts.magma_stone":1,"stat.pickup.exoticbirds.lyrebird_egg":4,"stat.pickup.minecraft.chainmail_leggings":2,"stat.killEntity.ancientspellcraft:skeleton_mage":26,"stat.drop.megaloot.armor_helmet":1,"stat.killEntity.Bonepile":1,"stat.pickup.minecraft.diamond_helmet":1,"stat.craftItem.minecraft.cooked_chicken":13,"stat.sneakTime":22450,"stat.mineBlock.minecraft.jukebox":2,"stat.pickup.minecraft.chest":3,"stat.craftItem.iceandfire.lectern":1,"stat.craftItem.mocreatures.crabcooked":3,"stat.useItem.harvestcraft.garlicitem":6,"stat.pickup.megaloot.tool_shovel":1,"stat.pickup.artifacts.drinking_hat":2,"stat.useItem.mysticalworld.fish_and_chips":34,"stat.swimOneCm":166134,"stat.drop.exoticbirds.cooked_birdmeat":3,"stat.mineBlock.minecraft.spruce_stairs":3,"strider.kill":3,"stat.useItem.minecraft.dirt":315,"stat.drop.locks.wood_lock_pick":6,"stat.killEntity.artifacts.mimic":6,"stat.useItem.lycanitesmobs.cooked_bobeko_meat":7,"stat.drop.vanillafoodpantry.bit_pipette":1,"stat.useItem.minecraft.stone_shovel":31,"stat.pickup.minecraft.glass_bottle":5,"stat.pickup.harvestcraft.leekitem":24,"stat.drop.minecraft.log":14,"stat.useItem.minecraft.sign":1,"stat.pickup.minecraft.mutton":2,"stat.mineBlock.ebwizardry.arcane_workbench":1,"stat.drop.minecolonies.supplychestdeployer":1,"stat.drop.mod_lavacow.glowshroom":1,"stat.pickup.byg.aspen_sapling":1,"stat.pickup.minecraft.stonebrick":31,"stat.useItem.exoticbirds.pigeon_egg":6,"krake.kill":8,"stat.pickup.ebwizardry.magic_crystal":76,"stat.drop.minecraft.beetroot_seeds":1,"stat.mineBlock.minecraft.nether_brick":20,"stat.drop.exoticbirds.mystery_egg":8,"stat.pickup.vanillafoodpantry.rock_salt_crystals":25,"stat.drop.minecraft.log2":2,"frostweaver.kill":1,"stat.craftItem.minecraft.stone_slab2":0,"stat.pickup.tombstone.lost_tablet":6,"stat.drop.rustic.tomato_seeds":1,"stat.craftItem.minecraft.stone":34,"stat.craftItem.minecraft.armor_stand":1,"stat.mineBlock.minecraft.crafting_table":2,"stat.mineBlock.minecraft.quartz_block":53,"stat.useItem.minecraft.carrot":27,"stat.useItem.minecraft.wooden_shovel":59,"stat.drop.vanillafoodpantry.flint_cutter":3,"stat.craftItem.harvestcraft.potitem":1,"stat.pickup.ebwizardry.spark_bomb":1,"stat.pickup.minecraft.slime_ball":13,"stat.pickup.artifacts.bottled_cloud":1,"stat.pickup.harvestcraft.anchovyrawitem":4,"stat.pickup.minecraft.gravel":17,"roa.kill":2,"stat.pickup.minecraft.stone_brick_stairs":1,"stat.pickup.byg.soapstone":18,"stat.pickup.minecraft.iron_helmet":4,"stat.pickup.megaloot.tool_pickaxe":2,"stat.pickup.minecraft.spider_eye":17,"stat.pickup.byg.purplesage":6,"stat.useItem.minecraft.cooked_chicken":20,"stat.pickup.minecraft.iron_ore":280,"stat.pickup.iceandfire.shiny_scales":3,"stat.mineBlock.mca.rose_gold_ore":1,"stat.mineBlock.minecraft.iron_bars":23,"stat.useItem.locks.gold_lock_pick":1,"stat.pickup.minecraft.leather":23,"stat.useItem.minecraft.wooden_pickaxe":27,"stat.mineBlock.minecraft.mycelium":1,"stat.pickup.minecraft.reeds":64,"stat.pickup.minecraft.prismarine_crystals":10,"tombstone:undead_killed":242,"stat.craftItem.minecraft.glass":10,"stat.drop.minecraft.cooked_chicken":2,"stat.killEntity.bound_soul":2,"stat.sleepInBed":19,"stat.craftItem.minecraft.baked_potato":42,"stat.killEntity.Cow":2,"stat.craftItem.minecraft.iron_sword":1,"stat.pickup.cqrepoured.great_sword_iron":2,"stat.walkOneCm":3321921,"stat.pickup.minecraft.clay_ball":127,"stat.drop.minecraft.iron_chestplate":1,"stat.pickup.minecraft.stone":197,"stat.killEntity.grimoireofgaia.dullahan":2,"stat.mineBlock.minecraft.wool":1,"stat.pickup.lycanitesmobs.crystalshardcharge":8,"abtu.kill":4,"stat.pickup.lycanitesmobs.reaperclaw":1,"stat.pickup.minecraft.gold_ingot":6,"stat.killEntity.Skeleton":27,"stat.pickup.minecraft.record_mall":3,"stat.pickup.cqrepoured.helmet_heavy_iron":1,"stat.useItem.heroicarmory.scxisword":2,"stat.drop.minecraft.chainmail_boots":1,"stat.drop.minecraft.fermented_spider_eye":2,"stat.killEntity.Spider":23,"stat.pickup.minecraft.bread":6,"stat.pickup.minecraft.quartz":87,"stat.pickup.lycanitesmobs.icefireballcharge":46,"stat.pickup.minecraft.spruce_stairs":3,"stat.mineBlock.minecraft.redstone_ore":4,"spectre.kill":4,"stat.craftItem.minecraft.brick":106,"stat.mineBlock.minecraft.stone":1020}