{"stat.useItem.minecraft.bow":11,"stat.pickup.lycanitesmobs.frostwebcharge":5,"stat.useItem.minecraft.painting":4,"stat.pickup.iceandfire.fire_dragon_flesh":3,"stat.pickup.lycanitesmobs.chaosorbcharge":2,"stat.mineBlock.iceandfire.chared_grass":8,"darkling.kill":7,"stat.drop.byg.woodenmortar":1,"stat.pickup.harvestcraft.snapperrawitem":4,"stat.pickup.tombstone.familiar_stone":1,"stat.pickup.ebwizardry.spell_book":52,"stat.craftItem.lycanitesmobs.imptreat":4,"stat.drop.minecraft.enchanted_book":1,"stat.mineBlock.minecraft.web":29,"stat.pickup.harvestcraft.sardinerawitem":3,"stat.pickup.minecraft.rotten_flesh":385,"warg.kill":1,"stat.drop.locks.iron_lock_pick":2,"stat.craftItem.minecraft.stone_axe":1,"stat.pickup.harvestcraft.catfishrawitem":3,"stat.pickup.byg.cyan_amaranth":1,"stat.drop.minecraft.leather_boots":1,"stat.pickup.minecraft.cobblestone_wall":2,"stat.pickup.minecraft.bucket":2,"stat.killEntity.Enderman":9,"stat.pickup.netherex.wither_bone":4,"eechetik.kill":4,"stat.craftItem.minecraft.iron_shovel":2,"stat.pickup.minecraft.brown_mushroom":22,"stat.craftItem.harvestcraft.barleyseeditem":1,"stat.drop.mod_lavacow.intestine":2,"stat.pickup.harvestcraft.scallionitem":24,"stat.mineBlock.minecraft.end_stone":15,"stat.drop.ebwizardry.spell_book":14,"stat.useItem.minecraft.iron_pickaxe":2207,"stat.pickup.mod_lavacow.intestine":47,"stat.drop.minecraft.ender_eye":1,"stat.craftItem.harvestcraft.radishseeditem":12,"stat.useItem.locks.diamond_lock_pick":3,"stat.furnaceInteraction":493,"stat.killEntity.mocreatures:crab":9,"stat.useItem.tombstone.lollipop":4,"stat.killEntity.toroquest_orc":3,"stat.killEntity.knight_fallen":1,"stat.pickup.minecraft.nether_brick":20,"necrovore.kill":6,"stat.pickup.cqrepoured.staff_fire":3,"stat.pickup.cqrepoured.spiked_glove":1,"stat.drop.minecraft.cactus":1,"stat.pickup.lycanitesmobs.spectralboltcharge":21,"stat.useItem.harvestcraft.radishseeditem":8,"stat.useItem.rustic.wildberries":4,"stat.craftItem.harvestcraft.sweetpotatoseeditem":6,"stat.drop.mysticalworld.silver_ore":4,"stat.craftItem.ebwizardry.magic_wand":2,"stat.useItem.minecraft.flint_and_steel":3,"stat.useItem.minecraft.wheat_seeds":50,"stat.killEntity.cqr_walker_king":1,"stat.killEntity.Husk":12,"stat.pickup.minecraft.emerald":29,"stat.drop.mod_lavacow.hyphae":3,"stat.pickup.lycanitesmobs.raw_chupacabra_meat":44,"stat.deaths":18,"stat.pickup.minecraft.bowl":6,"stat.pickup.lycanitesmobs.geistliver":44,"stat.craftItem.minecraft.wooden_shovel":1,"stat.craftItem.minecraft.iron_pickaxe":7,"stat.pickup.artifacts.panic_necklace":1,"stat.pickup.ebwizardry.advanced_wand":44,"stat.pickup.minecraft.item_frame":2,"stat.pickup.vanillafoodpantry.jungle_juice_jar":2,"stat.craftItem.minecraft.cooked_mutton":12,"stat.fishCaught":14,"stat.drop.mocreatures.crabcooked":1,"stat.chestOpened":2584,"stat.craftItem.minecraft.mushroom_stew":14,"stat.craftItem.minecraft.sign":3,"stat.pickup.lycanitesmobs.demonicblastcharge":25,"stat.pickup.minecraft.iron_sword":9,"stat.drop.mod_lavacow.chitin":2,"stat.killEntity.grimoireofgaia.cyan_flower":2,"stat.drop.artifacts.lucky_clover":1,"stat.pickup.minecraft.gold_nugget":13,"geist.kill":18,"stat.craftItem.minecraft.coal":3,"stat.craftItem.harvestcraft.whitemushroomseeditem":10,"stat.pickup.iceandfire.myrmex_jungle_chitin":2,"stat.useItem.tombstone.fishing_rod_of_misadventure":126,"stat.pickup.minecraft.carrot":55,"stat.pickup.treasure2.silver_coin":4,"stat.pickup.lycanitesmobs.doomfireballcharge":21,"stat.crouchOneCm":113895,"stat.craftItem.exoticbirds.cooked_birdmeat":7,"stat.useItem.mod_lavacow.mimic_claw_cooked":5,"stat.craftItem.minecraft.iron_ingot":261,"stat.pickup.rustic.grape_stem":13,"stat.drop.minecraft.slime_ball":1,"stat.craftingTableInteraction":165,"stat.craftItem.byg.cookedspidereye":2,"stat.mineBlock.minecraft.wooden_pressure_plate":2,"stat.useItem.harvestcraft.sweetpotatoseeditem":3,"stat.pickup.treasure2.crate_chest_moldy":1,"stat.drop.byg.soapstone":9,"stat.pickup.minecraft.mushroom_stew":1,"stat.mineBlock.minecraft.log2":11,"stat.pickup.minecraft.dye":127,"stat.pickup.minecraft.planks":134,"stat.killEntity.skeleton_frozen":2,"stat.craftItem.locks.iron_lock_pick":10,"stat.pickup.exoticbirds.vulture_egg":1,"stat.pickup.iceandfire.cyclops_eye":1,"stat.craftItem.mysticalworld.cooked_aubergine":5,"stat.pickup.minecraft.ice":12,"stat.pickup.lycanitesmobs.raw_silex_meat":15,"stat.flowerPotted":4,"stat.useItem.jjskill.bottle_skill_exp":38,"stat.pickup.harvestcraft.maplesyrupitem":8,"stat.drop.minecraft.rotten_flesh":28,"stat.pickup.lycanitesmobs.embercharge":2,"stat.mineBlock.harvestcraft.pamgooseberry":1,"stat.pickup.harvestcraft.eelrawitem":5,"stat.pickup.mysticalworld.aubergine":8,"stat.useItem.harvestcraft.sweetpotatoitem":5,"stat.pickup.vanillafoodpantry.wolf_spirit_element":1,"stat.pickup.toroquest.artifact_green":3,"stat.killEntity.ebwizardry:shadow_wraith":3,"stat.mineBlock.exoticbirds.nest":7,"stat.drop.minecraft.gold_nugget":1,"stat.pickup.minecraft.tipped_arrow":5,"stat.craftItem.mocreatures.kittylitter":1,"stat.pickup.minecraft.end_stone":9,"stat.pickup.iceandfire.myrmex_stinger":2,"stat.drop.minecraft.fish":5,"stat.craftItem.minecraft.bucket":2,"stat.craftItem.minecraft.planks":1124,"stat.useItem.minecraft.iron_sword":64,"stat.craftItem.minecraft.fishing_rod":2,"stat.pickup.minecraft.stone_sword":2,"stat.pickup.harvestcraft.octopusrawitem":6,"stat.useItem.harvestcraft.scallionseeditem":3,"stat.pickup.minecraft.book":25,"stat.useItem.minecraft.stonebrick":83,"stat.craftItem.minecraft.wooden_door":3,"stat.useItem.carryon.entity_item":7,"stat.drop.minecraft.leather_leggings":2,"stat.mineBlock.byg.amaranth":1,"stat.craftItem.vanillafoodpantry.portion_sugar":4,"stat.killEntity.siren":1,"stat.mineBlock.ancientspellcraft.crystal_ore_ice":14,"stat.craftItem.harvestcraft.saucepanitem":1,"stat.pickup.minecraft.tripwire_hook":1,"stat.pickup.minecraft.bookshelf":1,"stat.mineBlock.minecraft.cobblestone":171,"stat.mineBlock.minecraft.pumpkin":38,"stat.pickup.vanillafoodpantry.dark_empty_jar":6,"stat.pickup.minecraft.flint":3,"raiko.kill":6,"stat.pickup.minecraft.leather_chestplate":6,"stat.pickup.rustic.mooncap_mushroom":3,"stat.pickup.minecraft.flower_pot":2,"stat.mineBlock.minecraft.stained_glass_pane":2,"stat.drop.minecraft.cobblestone":12,"stat.pickup.mysticalworld.raw_squid":3,"stat.useItem.minecraft.stone_slab2":2969,"stat.drop.ebwizardry.magic_wand":2,"stat.pickup.minecraft.iron_boots":12,"stat.pickup.artifacts.lucky_clover":2,"stat.pickup.minecraft.stone_hoe":1,"stat.craftItem.minecraft.furnace":20,"stat.pickup.mocreatures.crabcooked":1,"stat.craftItem.minecraft.iron_boots":2,"stat.pickup.mysticalworld.silkworm_egg":14,"stat.useItem.exoticbirds.cooked_birdmeat":4,"stat.mineBlock.minecraft.clay":31,"stat.killEntity.witherwitch":1,"stat.pickup.minecraft.diamond_leggings":3,"stat.useItem.minecraft.brick_block":5,"stat.pickup.spartanweaponry.caestus":1,"wraamon.kill":2,"stat.drop.minecraft.spider_eye":5,"stat.pickup.ancientspellcraft.ancient_spellcraft_spell_book":7,"stat.craftItem.minecraft.iron_block":3,"stat.pickup.exoticbirds.mystery_egg":13,"stat.drop.minecraft.flint_and_steel":1,"stat.drop.minecraft.wool":4,"stat.mineBlock.mysticalworld.copper_ore":11,"stat.killEntity.Creeper":10,"stat.pickup.minecraft.wooden_sword":4,"stat.entityKilledBy.ancientspellcraft:skeleton_mage":1,"stat.pickup.ebwizardry.magic_wand":2,"grue.kill":4,"stat.pickup.tombstone.crafting_ingredient":118,"stat.pickup.lycanitesmobs.raw_arisaur_meat":4,"stat.pickup.harvestcraft.bassrawitem":2,"stat.killEntity.Squid":4,"stat.sprintOneCm":3627576,"stat.pickup.harvestcraft.tunarawitem":3,"stat.drop.minecraft.leather":8,"stat.mineBlock.minecraft.stone_slab":10,"stat.useItem.tombstone.magic_scroll":8,"stat.useItem.carryon.tile_item":72,"stat.useItem.minecraft.snowball":11,"stat.drop.harvestcraft.garlicitem":4,"stat.drop.ebwizardry.wizard_handbook":1,"stat.craftItem.vanillafoodpantry.water_bottle":4,"stat.waystones:waystonesActivated":2,"stat.pickup.minecraft.leather_leggings":9,"stat.pickup.harvestcraft.mustardseedsitem":1,"stat.pickup.mocreatures.crabraw":2,"stat.pickup.ebwizardry.ruined_spell_book":21,"stat.killEntity.mod_lavacow.ithaqua":1,"stat.craftItem.minecraft.emerald":37,"stat.killEntity.Zombie":230,"stat.craftItem.minecraft.dye":11,"stat.mineBlock.minecraft.gold_ore":16,"stat.craftItem.forge.bucketfilled":3,"stat.craftItem.minecraft.slime_ball":4,"stat.pickup.minecraft.wheat":98,"stat.mineBlock.minecraft.mossy_cobblestone":7,"stat.pickup.minecraft.sign":1,"stat.craftItem.minecraft.cooked_porkchop":13,"stat.pickup.minecraft.obsidian":29,"stat.useItem.byg.soapstone":9,"stat.mineBlock.mod_lavacow.veil_shroom":3,"stat.pickup.minecraft.coal":457,"stat.pickup.minecraft.iron_ingot":32,"stat.drop.minecraft.wooden_sword":1,"stat.pickup.minecraft.gunpowder":19,"stat.pickup.iceandfire.chared_stone":25,"stat.pickup.minecraft.dirt":1074,"stat.pickup.useless_sword.witherbone":8,"stat.pickup.toughasnails.fruit_juice":1,"stat.pickup.tombstone.fishing_rod_of_misadventure":5,"stat.pickup.iceandfire.fire_dragon_heart":1,"stat.pickup.harvestcraft.walleyerawitem":2,"stat.drop.farlanders.endumium_crystal":2,"stat.mineBlock.minecraft.lapis_ore":12,"stat.pickup.toroquest.bandit_helmet":24,"stat.pickup.minecraft.iron_axe":4,"stat.brewingstandInteraction":1,"stat.useItem.minecraft.stone_brick_stairs":9,"cacodemon.kill":5,"stat.mineBlock.minecraft.torch":19,"stat.mineBlock.minecraft.red_flower":4,"stat.tradedWithVillager":20,"stat.pickup.harvestcraft.pawpawitem":2,"stat.pickup.minecraft.ender_eye":8,"stat.pickup.vanillafoodpantry.empty_jar":3,"stat.craftItem.mod_lavacow.mimic_claw_cooked":5,"stat.pickup.minecraft.rabbit_hide":1,"volcan.kill":4,"stat.pickup.lycanitesmobs.soulstone_aquatic":1,"stat.pickup.lycanitesmobs.entarm":1,"stat.pickup.locks.iron_lock_pick":2,"stat.pickup.ancientspellcraft.stone_tablet_large":1,"stat.drop.harvestcraft.anchovyrawitem":1,"stat.killEntity.ebwizardry:spectral_golem":1,"stat.drop.minecraft.wheat":13,"stat.drop.jjskill.hero_sword":3,"stat.useItem.ancientspellcraft.ice_cream":5,"stat.useItem.minecraft.lava_bucket":13,"herma.kill":1,"stat.useItem.minecraft.melon":24,"stat.useItem.tombstone.gift":6,"stat.useItem.minecraft.item_frame":8,"stat.useItem.harvestcraft.garlicseeditem":14,"stat.pickup.harvestcraft.spiceleafitem":28,"stat.useItem.byg.purplesage":4,"stat.craftItem.lycanitesmobs.cooked_silex_meat":15,"stat.killEntity.mod_lavacow.undeadswine":1,"stat.craftItem.harvestcraft.blackberryseeditem":44,"stat.useItem.harvestcraft.maplesyrupitem":2,"stat.pickup.minecraft.cooked_beef":110,"stat.killEntity.Stray":8,"stat.killEntity.deers":2,"stat.pickup.treasure2.thiefs_lock_pick":1,"stat.drop.mysticalworld.fish_and_chips":7,"stat.craftItem.byg.pumpkinmash":6,"stat.mineBlock.byg.soapstone":39,"stat.pickup.travelersbackpack.backpack_tank":1,"stat.mobKills":1278,"stat.pickup.minecraft.diamond_boots":3,"stat.mineBlock.minecraft.bookshelf":5,"stat.drop.byg.redwoodsapling":1,"stat.pickup.minecraft.diamond":37,"stat.pickup.minecraft.beetroot_seeds":7,"stat.pickup.iceandfire.myrmex_jungle_resin":11,"stat.craftItem.minecraft.spruce_stairs":4,"stat.drop.iceandfire.chared_cobblestone":1,"stat.useItem.harvestcraft.rhubarbitem":6,"stat.mineBlock.ebwizardry.crystal_flower":64,"stat.pickup.grimoireofgaia.misc_soul_fire":5,"stat.useItem.lycanitesmobs.cooked_chupacabra_meat":34,"stat.killEntity.Blaze":3,"stat.pickup.wizardrygolems.golemancy_spell_book":5,"stat.pickup.minecraft.golden_boots":4,"stat.pickup.minecraft.glowstone_dust":26,"stat.drop.minecraft.bowl":2,"stat.pickup.lycanitesmobs.cooked_chupacabra_meat":43,"stat.mineBlock.minecraft.red_mushroom":6,"stat.mineBlock.minecraft.stone_brick_stairs":8,"stat.mineBlock.minecraft.nether_brick_fence":2,"stat.useItem.exoticbirds.swan_egg":1,"stat.drop.ebwizardry.identification_scroll":1,"stat.useItem.harvestcraft.blackberryseeditem":36,"stat.pickup.minecraft.splash_potion":3,"stat.drop.lycanitesmobs.doomfireballcharge":7,"stat.pickup.harvestcraft.sweetpotatoitem":30,"stat.useItem.lycanitesmobs.lapis_fish_and_chips":4,"stat.drop.cqrepoured.sword_walker":1,"stat.mineBlock.treasure2.crate_chest_moldy":1,"stat.pickup.lycanitesmobs.aquapulsecharge":7,"shade.kill":2,"stat.craftItem.minecraft.stone_sword":1,"stat.pickup.ebwizardry.spectral_dust":27,"stat.pickup.minecraft.chainmail_chestplate":7,"stat.mineBlock.minecraft.sand":86,"stat.pickup.lycanitesmobs.acidglobcharge":6,"stat.pickup.treasure2.iron_lock":1,"stat.pickup.exoticbirds.phoenix_dust":1,"stat.pickup.lycanitesmobs.propolis":7,"stat.pickup.minecraft.ghast_tear":12,"stat.useItem.vanillafoodpantry.fried_egg":1,"stat.pickup.minecraft.armor_stand":2,"stat.trappedChestTriggered":11,"vespidqueen.kill":1,"stat.pickup.cqrepoured.hookshot":2,"stat.pickup.lycanitesmobs.frostboltcharge":2,"stat.useItem.tombstone.lost_tablet":2,"stat.craftItem.minecraft.pumpkin_seeds":16,"stat.drop.lycanitesmobs.cooked_bobeko_meat":1,"stat.pickup.lycanitesmobs.raw_bobeko_meat":8,"stat.useItem.minecraft.cooked_mutton":13,"stat.craftItem.paraglider.paraglider":1,"stat.craftItem.travelersbackpack.travelers_backpack":1,"stat.drop.minecraft.fishing_rod":1,"stat.useItem.harvestcraft.tomatoseeditem":12,"stat.pickup.minecraft.stone_stairs":23,"stat.pickup.mospells.mospells_spell_book":17,"stat.pickup.minecraft.pumpkin_seeds":7,"stat.drop.minecraft.snowball":8,"stat.pickup.minecraft.fermented_spider_eye":9,"stat.pickup.minecraft.saddle":1,"stat.pickup.harvestcraft.tilapiarawitem":4,"stat.useItem.lycanitesmobs.cooked_silex_meat":8,"stat.pickup.cqrepoured.staff_vampiric":3,"stat.pickup.mod_lavacow.veil_shroom":3,"stat.pickup.minecraft.blaze_rod":1,"grell.kill":1,"stat.drop.minecraft.chest":1,"quetzodracl.kill":2,"stat.pickup.minecraft.pumpkin":38,"stat.pickup.minecraft.spruce_door":8,"stat.recordPlayed":4,"stat.useItem.vanillafoodpantry.fried_egg_sandwich":5,"stat.pickup.spartanweaponry.battleaxe_stone":1,"stat.pickup.minecraft.waterlily":1,"stat.killEntity.salmon":4,"stat.mineBlock.minecraft.ice":3,"stat.useItem.byg.pumpkinmash":1,"stat.useItem.ebwizardry.crystal_flower":4,"stat.drop.mysticalworld.silk_cocoon":5,"stat.pickup.spartanweaponry.battleaxe_iron":2,"stat.craftItem.minecraft.iron_hoe":2,"wendigo.kill":3,"stat.pickup.tombstone.tablet_of_cupidity":1,"stat.useItem.minecraft.experience_bottle":193,"stat.drop.minecraft.stone":22,"stat.mineBlock.ebwizardry.receptacle":1,"stat.pickup.exoticbirds.swan_egg":3,"stat.pickup.minecraft.melon_seeds":3,"stat.pickup.minecraft.golden_leggings":2,"stat.killEntity.myrmex_queen":1,"stat.craftItem.harvestcraft.teaseeditem":29,"arix.kill":17,"stat.drop.minecraft.bone":16,"stat.useItem.minecraft.furnace":7,"stat.drop.wizardrygolems.golemancy_spell_book":4,"stat.drop.iceandfire.bestiary":1,"stat.pickup.treasure2.copper_coin":2,"stat.pickup.harvestcraft.greenheartfishitem":4,"stat.pickup.vanillafoodpantry.animal_hide_tie":1,"stat.mineBlock.byg.cyan_amaranth":1,"stat.pickup.minecraft.iron_leggings":10,"stat.craftItem.vanillafoodpantry.wolf_cooked":9,"stat.mineBlock.minecraft.gravel":27,"stat.pickup.farlanders.endumium_crystal":6,"stat.drop.minecraft.iron_axe":1,"stat.pickup.minecraft.flint_and_steel":1,"stat.useItem.minecraft.torch":706,"stat.craftItem.mysticalworld.silk_thread":81,"stat.pickup.minecraft.iron_nugget":18,"stat.useItem.harvestcraft.spiceleafitem":1,"stat.pickup.cqrepoured.cursed_bone":2,"stat.craftItem.minecraft.stone_stairs":4,"stat.pickup.minecraft.crafting_table":4,"stat.useItem.minecraft.log":67,"stat.craftItem.minecraft.crafting_table":17,"stat.pickup.minecraft.iron_hoe":2,"stat.mineBlock.ebwizardry.crystal_ore":83,"stat.mineBlock.minecraft.emerald_ore":1,"stat.pickup.vanillafoodpantry.flint_cutter":6,"stat.useItem.minecraft.cooked_fish":39,"stat.pickup.lycanitesmobs.waterjetcharge":2,"stat.pickup.jjskill.justice_sword":2,"stat.craftItem.harvestcraft.bakewareitem":1,"stat.pickup.byg.redwoodsapling":1,"stat.killEntity.grimoireofgaia.nine_tails":2,"stat.pickup.minecraft.sapling":34,"stat.drop.minecraft.melon_seeds":1,"stat.craftItem.iceandfire.bestiary":1,"stat.pickup.minecraft.beetroot":4,"stat.craftItem.lycanitesmobs.cooked_chupacabra_meat":38,"stat.killEntity.WitherSkeleton":33,"stat.mineBlock.mod_lavacow.glowshroom":3,"stat.drop.lycanitesmobs.cooked_chupacabra_meat":5,"stat.craftItem.minecraft.sugar":5,"stat.craftItem.harvestcraft.leekseeditem":5,"stat.pickup.harvestcraft.juteitem":29,"stat.pickup.harvestcraft.tealeafitem":45,"stat.pickup.rustic.chili_pepper_seeds":9,"stat.pickup.minecraft.rabbit":1,"stat.craftItem.vanillafoodpantry.fried_egg_sandwich":3,"stat.useItem.minecraft.baked_potato":19,"stat.pickup.minecraft.stone_slab":16,"stat.useItem.lycanitesmobs.impspawn":3,"stat.drop.minecraft.ghast_tear":2,"stat.useItem.minecraft.fishing_rod":79,"stat.pickup.minecraft.bone":334,"stat.useItem.minecraft.mushroom_stew":16,"stat.pickup.byg.redorchid":1,"stat.horseOneCm":381345,"stat.killEntity.myrmex_sentinel":1,"stat.drop.lycanitesmobs.cooked_silex_meat":1,"stat.pickup.vanillafoodpantry.milkdrink":2,"stat.killEntity.ancientspellcraft:wolf_minion":4,"stat.drop.minecraft.mossy_cobblestone":5,"stat.pickup.lycanitesmobs.tundracharge":4,"stat.useItem.harvestcraft.tealeafitem":2,"stat.mineBlock.minecraft.brown_mushroom":6,"stat.pickup.jjskill.precious_bow":1,"stat.useItem.minecraft.diamond_sword":12,"stat.craftItem.harvestcraft.juteseeditem":11,"stat.drop.rustic.olives":2,"stat.climbOneCm":50264,"trite.kill":16,"stat.useItem.mod_lavacow.spectral_dagger":1,"stat.pickup.minecraft.golden_helmet":4,"stat.useItem.locks.iron_lock_pick":12,"stat.killEntity.fungalzombie":10,"stat.useItem.rustic.slate":3,"stat.pickup.minecraft.anvil":1,"stat.useItem.minecraft.iron_ore":2,"stat.craftItem.minecraft.stone_pickaxe":3,"stat.pickup.minecraft.cobblestone":1812,"stat.craftItem.harvestcraft.garlicseeditem":19,"stat.craftItem.harvestcraft.zucchiniseeditem":20,"stat.drop.exoticbirds.pigeon_egg":2,"stat.drop.lycanitesmobs.imptreat":3,"stat.mineBlock.iceandfire.lectern":1,"stat.useItem.harvestcraft.whitemushroomitem":5,"stat.useItem.minecraft.cooked_beef":36,"stat.pickup.minecraft.cactus":1,"stat.drop.minecraft.clay_ball":6,"stat.pickup.minecraft.redstone":33,"stat.mineBlock.minecraft.iron_ore":304,"stat.drop.rustic.chili_pepper_seeds":6,"stat.pickup.minecraft.mossy_cobblestone":9,"stat.pickup.lycanitesmobs.frostyfur":17,"stat.mineBlock.iceandfire.myrmex_jungle_biolight":1,"stat.drop.harvestcraft.maplesyrupitem":1,"stat.drop.minecraft.iron_bars":11,"stat.drop.minecraft.dirt":8,"stat.useItem.minecraft.cooked_porkchop":12,"wildkin.kill":1,"stat.pickup.minecraft.iron_shovel":2,"stat.pickup.minecraft.carpet":8,"stat.pickup.lycanitesmobs.whirlwindcharge":5,"stat.pickup.minecraft.trapdoor":3,"stat.useItem.exoticbirds.crane_egg":1,"stat.craftItem.lycanitesmobs.cooked_krake_meat":12,"stat.drop.vanillafoodpantry.water_bottle":1,"stat.useItem.minecraft.spruce_fence":11,"stat.pickup.minecraft.paper":9,"stat.craftItem.minecraft.stick":348,"stat.pickup.treasure2.charm_book":3,"stat.craftItem.minecraft.gold_nugget":10,"stat.pickup.harvestcraft.barleyitem":1,"stat.killEntity.myrmex_soldier":1,"stat.useItem.harvestcraft.turnipitem":5,"stat.pickup.minecraft.golden_horse_armor":1,"stat.pickup.minecraft.diamond_chestplate":5,"stat.mineBlock.minecraft.planks":78,"stat.drop":598,"stat.pickup.lycanitesmobs.raw_pinky_meat":3,"stat.useItem.vanillafoodpantry.water_bottle":4,"stat.killEntity.cyclops":1,"stat.pickup.minecraft.jukebox":2,"stat.drop.ebwizardry.spectral_dust":12,"stat.killEntity.Sheep":3,"stat.drop.minecraft.iron_boots":1,"stat.pickup.harvestcraft.garlicitem":48,"stat.drop.minecraft.nether_wart":5,"stat.killEntity.cod":8,"stat.drop.harvestcraft.whitemushroomitem":6,"stat.drop.solcarrot.food_book":1,"stat.pickup.spartanweaponry.longbow_wood":1,"stat.drop.treasure2.leaf_key":1,"stat.drop.minecraft.cooked_beef":2,"stat.useItem.minecraft.waterlily":1,"stat.useItem.minecraft.apple":11,"stat.drop.ancientspellcraft.ancient_spellcraft_spell_book":4,"stat.killEntity.cqr_necromancer":1,"stat.useItem.minecraft.carpet":108,"stat.useItem.minecraft.potion":13,"stat.pickup.vanillafoodpantry.bit_pipette":3,"stat.craftItem.harvestcraft.cuttingboarditem":1,"stat.pickup.harvestcraft.blackberryitem":66,"stat.craftItem.travelersbackpack.backpack_tank":1,"stat.useItem.harvestcraft.leekseeditem":2,"stat.useItem.minecraft.stone_axe":17,"stat.mineBlock.harvestcraft.shadedgarden":137,"stat.pickup.byg.scoria":22,"stat.craftItem.minecraft.iron_helmet":1,"stat.pickup.mod_lavacow.glowshroom":6,"stat.useItem.exoticbirds.hummingbird_egg":1,"stat.craftItem.solcarrot.food_book":1,"stat.boatOneCm":38188,"ioray.kill":1,"stat.pickup.rustic.tomato_seeds":5,"stat.mineBlock.minecraft.stone_stairs":12,"stat.mineBlock.minecraft.furnace":6,"stat.pickup.minecraft.prismarine_shard":20,"stat.mineBlock.iceandfire.chared_cobblestone":2,"stat.pickup.jjskill.skill_book":1,"stat.useItem.ebwizardry.apprentice_wand":2,"stat.pickup.mod_lavacow.chitin":2,"stat.killEntity.CaveSpider":10,"stat.useItem.tombstone.grave_key":5,"stat.damageDealt":205367,"stat.craftItem.minecraft.bowl":16,"stat.craftItem.minecraft.anvil":1,"stat.useItem.minecraft.crafting_table":4,"stat.craftItem.mysticalworld.stuffed_aubergine":4,"stat.mineBlock.iceandfire.chared_dirt":1,"stat.craftItem.minecraft.stone_shovel":1,"stat.pickup.minecraft.stick":18,"bobeko.kill":2,"stat.drop.treasure2.silver_coin":6,"stat.craftItem.harvestcraft.mortarandpestleitem":1,"stat.craftItem.minecraft.writable_book":1,"stat.useItem.minecraft.spruce_stairs":20,"stat.useItem.vanillafoodpantry.bowl_water":5,"stat.pickup.harvestcraft.zucchiniitem":36,"stat.pickup.iceandfire.myrmex_resin_sticky":2,"stat.pickup.minecraft.chorus_fruit":41,"stat.mineBlock.byg.brownbirchleaves":7,"stat.drop.ancientspellcraft.ritual_book":1,"stat.pickup.mod_lavacow.sharptooth":1,"stat.killEntity.Chicken":1,"stat.pickup.ebwizardry.runestone":3,"stat.killEntity.exoticbirds.pigeon":2,"stat.drop.minecraft.filled_map":1,"stat.killEntity.Boulderer":10,"stat.drop.minecraft.diamond_boots":1,"stat.drop.exoticbirds.crane_egg":1,"stat.pickup.ebwizardry.wizard_handbook":1,"stat.pickup.harvestcraft.plumitem":1,"stat.pickup.tombstone.tablet_of_home":2,"belph.kill":8,"stat.pickup.lycanitesmobs.spectretendril":1,"stat.mineBlock.minecraft.leaves":41,"stat.pickup.vanillafoodpantry.ink_pearl_shard":5,"stat.mineBlock.minecraft.bone_block":1,"stat.drop.artifacts.star_cloak":1,"stat.drop.ancientspellcraft.blank_rune":1,"pixen.kill":3,"stat.leaveGame":21,"stat.entityKilledBy.toroquest_sentry":1,"stat.drop.vanillafoodpantry.ink_pearl_shard":1,"stat.mineBlock.iceandfire.myrmex_resin_sticky":2,"stat.mineBlock.minecraft.sandstone":2,"stat.craftItem.minecraft.string":4,"stat.killEntity.PigZombie":6,"stat.mineBlock.harvestcraft.beehive":1,"stat.craftItem.minecraft.shield":1,"stat.craftItem.minecraft.stone_pressure_plate":1,"stat.drop.minecraft.feather":5,"stat.pickup.harvestcraft.calamarirawitem":8,"stat.pickup.ancientspellcraft.blank_rune":1,"silex.kill":8,"stat.pickup.mod_lavacow.parasite_item":7,"stat.pickup.exoticbirds.eggshell":9,"stat.pickup.minecraft.brick_block":6,"stat.pickup.iceandfire.witherbone":9,"stat.pickup.iceandfire.chared_cobblestone":30,"stat.pickup.farlanders.titan_hide":5,"stat.pickup.minecraft.leather_boots":18,"stat.useItem.locks.wood_lock_pick":24,"stat.pickup.harvestcraft.radishitem":35,"stat.killEntity.Witch":2,"stat.drop.minecraft.sand":5,"stat.drop.minecraft.tnt":2,"stat.pickup.iceandfire.silver_ingot":1,"stat.killEntity.myrmex_worker":1,"stat.useItem.minecraft.iron_shovel":478,"stat.pickup.harvestcraft.rhubarbitem":34,"stat.mineBlock.minecraft.brick_block":9,"stat.useItem.ebwizardry.magic_wand":2,"stat.craftItem.minecraft.bed":1,"stat.craftItem.harvestcraft.skilletitem":1,"stat.drop.jjskill.curved_bow":1,"stat.mineBlock.minecraft.vine":28,"stat.craftItem.harvestcraft.beanseeditem":6,"stat.drop.minecraft.gravel":2,"stat.useItem.minecraft.pumpkin_seeds":19,"stat.killEntity.ZombieVillager":1,"stat.pickup.iceandfire.manuscript":2,"stat.pickup.harvestcraft.grouperrawitem":4,"stat.killEntity.mod_lavacow.mimic":2,"stat.pickup.minecraft.beef":9,"stat.pickup.ebwizardry.arcane_tome":8,"stat.pickup.exoticbirds.pigeon_egg":10,"stat.pickup.exoticbirds.heron_egg":1,"stat.pickup.minecraft.leather_helmet":9,"stat.useItem.minecraft.trapdoor":1,"stat.mineBlock.minecraft.stained_hardened_clay":2,"stat.killEntity.exoticbirds.duck":4,"stat.pickup.mowziesmobs.wrought_helmet":1,"stat.drop.byg.scoria":1,"stat.useItem.mysticalworld.aubergine_seed":5,"stat.pickup.vanillafoodpantry.heat_portion":7,"stat.pickup.ancientspellcraft.imbuement_scroll":1,"pinky.kill":1,"stat.pickup.minecraft.potion":11,"stat.pickup.tombstone.scroll_buff":5,"stat.pickup.rustic.olives":2,"stat.pickup.ancientspellcraft.crystal_shard_ice":15,"stat.pickup.lycanitesmobs.tricksterflarecharge":12,"stat.pickup.lycanitesmobs.imptreat":1,"stat.useItem.minecraft.dye":6,"stat.pickup.lycanitesmobs.raw_krake_meat":14,"stat.drop.vanillafoodpantry.dark_empty_jar":1,"stat.killEntity.cqr_skeleton":98,"stat.useItem.minecraft.nether_brick":18,"stat.craftItem.harvestcraft.oliveoilitem":4,"stat.drop.minecraft.glass_bottle":10,"stat.drop.minecraft.torch":1,"stat.mineBlock.minecraft.tallgrass":126,"stat.useItem.minecraft.cooked_rabbit":1,"stat.useItem.minecraft.splash_potion":4,"stat.useItem.harvestcraft.beanseeditem":2,"stat.useItem.minecraft.stone":283,"stat.pickup.minecraft.arrow":254,"stat.pickup.minecraft.wooden_pressure_plate":2,"stat.drop.minecraft.iron_pickaxe":1,"stat.drop.tombstone.lost_tablet":1,"stat.useItem.mocreatures.crabcooked":3,"stat.killEntity.toroquest_zombie_raider":17,"stat.craftItem.harvestcraft.spiceleafseeditem":6,"stat.useItem.mysticalworld.stuffed_aubergine":4,"stat.drop.minecraft.mushroom_stew":1,"stat.pickup.minecraft.painting":6,"stat.killEntity.mocreatures:ant":1,"stat.pickup.minecraft.nether_brick_fence":2,"stat.drop.exoticbirds.eggshell":9,"stat.killEntity.mocreatures:bunny":1,"stat.useItem.minecraft.reeds":22,"stat.pickup.harvestcraft.herringrawitem":3,"stat.pickup.useless_sword.endermanscale":4,"chupacabra.kill":23,"stat.pickup.minecraft.wheat_seeds":82,"stat.killEntity.fallenmount":1,"stat.mineBlock.minecraft.glass":4,"stat.craftItem.ebwizardry.wizard_handbook":2,"djinn.kill":2,"stat.pickup.mod_lavacow.plagued_porkchop":2,"stat.mineBlock.minecraft.dirt":1029,"stat.pickup.minecraft.poisonous_potato":2,"stat.useItem.harvestcraft.whitemushroomseeditem":6,"stat.useItem.minecraft.bread":18,"stat.useItem.minecraft.cobblestone":637,"stat.useItem.lycanitesmobs.cooked_krake_meat":12,"stat.useItem.minecraft.gravel":5,"stat.mineBlock.minecraft.double_plant":16,"stat.killEntity.grimoireofgaia.oni":4,"reiver.kill":1,"stat.pickup.toroquest.artifact_red":8,"stat.pickup.treasure2.wood_lock":1,"stat.useItem.harvestcraft.octopuscookeditem":1,"stat.mineBlock.byg.birchleavesyellow":2,"stat.pickup.minecraft.iron_pickaxe":7,"stat.drop.minecraft.carrot":3,"stat.useItem.lycanitesmobs.bulwark_burger":1,"stat.craftItem.minecraft.gold_ingot":16,"stat.pickup.minecraft.apple":1,"stat.pickup.locks.wood_lock_pick":5,"stat.craftItem.lycanitesmobs.cooked_bobeko_meat":8,"stat.pickup.iceandfire.myrmex_jungle_biolight":1,"stat.pickup.jjskill.hero_sword":6,"stat.drop.iceandfire.dragonscales_red":7,"stat.pickup.lycanitesmobs.ioraystinger":1,"stat.drop.tombstone.scroll_buff":1,"stat.drop.ebwizardry.arcane_tome":2,"stat.mineBlock.minecraft.log":373,"stat.mineBlock.farlanders.endumium_ore":5,"stat.useItem.minecraft.wooden_door":5,"stat.useItem.minecraft.spruce_door":6,"stat.craftItem.minecraft.paper":3,"stat.pickup.minecraft.red_flower":9,"stat.pickup.minecraft.wool":9,"ent.kill":4,"stat.useItem.minecraft.wooden_axe":23,"lacedon.kill":2,"stat.cakeSlicesEaten":10,"stat.pickup.lycanitesmobs.sprigganheart":2,"stat.craftItem.harvestcraft.scallionseeditem":5,"stat.craftItem.minecraft.cooked_rabbit":1,"stat.pickup.mocreatures.woolball":2,"stat.useItem.minecraft.iron_axe":528,"stat.pickup.mysticalworld.silk_cocoon":34,"stat.mineBlock.iceandfire.chared_stone":5,"stat.pickup.mysticalworld.fish_and_chips":86,"stat.craftItem.minecraft.wool":9,"stat.pickup.harvestcraft.jellyfishrawitem":4,"stat.pickup.minecraft.enchanted_book":10,"stat.drop.vanillafoodpantry.milkdrink":1,"stat.useItem.harvestcraft.zucchiniseeditem":14,"stat.useItem.harvestcraft.teaseeditem":25,"stat.useItem.harvestcraft.tomatoitem":4,"stat.pickup.lycanitesmobs.eechetikarm":1,"stat.useItem.minecraft.cookie":5,"stat.pickup.minecraft.bow":11,"stat.pickup.minecraft.pumpkin_pie":1,"stat.craftItem.minecraft.cooked_beef":28,"stat.mineBlock.minecraft.obsidian":8,"stat.drop.lycanitesmobs.geistliver":7,"stat.pickup.minecraft.shears":1,"stat.craftItem.minecraft.bow":1,"stat.pickup.minecraft.diamond_hoe":3,"stat.flyOneCm":5148968,"stat.pickup.minecraft.sandstone":1,"stat.pickup.rustic.honeycomb":1,"stat.useItem.spartanweaponry.battleaxe_stone":3,"stat.pickup.minecraft.fish":68,"stat.craftItem.mysticalworld.copper_ingot":9,"stat.pickup.rustic.slate":5,"stat.pickup.byg.woodenmortar":1,"stat.timeSinceDeath":295066,"stat.killEntity.cqr_zombie":8,"stat.craftItem.ebwizardry.receptacle":3,"stat.pickup.ebwizardry.arcane_workbench":4,"stat.craftItem.ebwizardry.magic_crystal":356,"stat.killEntity.mod_lavacow.parasite":40,"stat.pickup.harvestcraft.whitemushroomitem":60,"stat.pickup.travelersbackpack.travelers_backpack":19,"stat.pickup.harvestcraft.beanitem":25,"stat.pickup.mod_lavacow.hyphae":5,"stat.useItem.minecraft.potato":47,"stat.pickup.minecraft.chainmail_helmet":11,"stat.pickup.minecraft.nether_wart":38,"stat.pickup.minecolonies.supplychestdeployer":2,"stat.pickup.minecraft.spruce_fence":1,"stat.killEntity.Wolf":2,"stat.useItem.harvestcraft.juteseeditem":8,"stat.mineBlock.minecraft.coal_ore":461,"stat.drop.cqrepoured.great_sword_iron":1,"stat.pickup.minecraft.shield":17,"stat.talkedToVillager":240,"stat.drop.minecraft.baked_potato":15,"stat.pickup.minecraft.string":169,"stat.pickup.artifacts.star_cloak":1,"stat.craftItem.byg.pumpkinbread":3,"stat.pickup.minecraft.bone_block":11,"stat.killEntity.ebwizardry:evil_wizard":10,"stat.pickup.farlanders.ender_horn":5,"stat.mineBlock.minecraft.diamond_ore":25,"stat.drop.exoticbirds.phoenix_dust":1,"beholder.kill":2,"stat.drop.lycanitesmobs.impspawn":1,"stat.craftItem.harvestcraft.turnipseeditem":16,"stat.drop.minecraft.lava_bucket":1,"stat.mineBlock.vanillafoodpantry.rock_salt_ore":7,"stat.useItem.harvestcraft.zucchiniitem":1,"stat.pickup.minecraft.snowball":55,"stat.pickup.iceandfire.chared_dirt":1,"vespid.kill":7,"stat.diveOneCm":565213,"stat.drop.artifacts.bottled_cloud":1,"stat.useItem.vanillafoodpantry.wolf_cooked":9,"stat.pickup.minecraft.stone_axe":2,"abaia.kill":4,"stat.pickup.lycanitesmobs.grueclaw":1,"stat.craftItem.vanillafoodpantry.bowl_water":8,"stat.useItem.minecraft.rotten_flesh":1,"stat.jump":22652,"stat.useItem.minecraft.sand":64,"stat.drop.byg.cyan_amaranth":1,"stat.pickup.iceandfire.myrmex_jungle_egg":1,"stat.craftItem.minecraft.torch":284,"stat.useItem.minecraft.glass":1,"roc.kill":11,"stat.pickup.lycanitesmobs.poisongland":5,"stat.pickup.minecraft.gold_ore":29,"reaper.kill":7,"stat.useItem.minecraft.sapling":6,"stat.mineBlock.minecraft.glass_pane":1,"stat.damageTaken":-2147440427,"stat.pickup.ebwizardry.scroll":18,"stat.craftItem.harvestcraft.octopuscookeditem":1,"stat.useItem.harvestcraft.spiceleafseeditem":4,"stat.useItem.harvestcraft.radishitem":2,"stat.mineBlock.minecraft.sapling":1,"stat.pickup.ebwizardry.crystal_flower":69,"stat.pickup.minecraft.log2":15,"stat.pickup.minecraft.bed":7,"stat.pickup.artifacts.thorn_pendant":1,"stat.pickup.vanillafoodpantry.oak_acorn":3,"stat.pickup.minecraft.quartz_block":35,"stat.pickup.minecraft.potato":131,"stat.pickup.harvestcraft.carprawitem":2,"stat.pickup.exoticbirds.birdmeat":7,"stat.pickup.lycanitesmobs.vespidstinger":1,"stat.pickup.iceandfire.chared_grass":7,"stat.useItem.lycanitesmobs.raw_chupacabra_meat":1,"stat.killEntity.Silverfish":15,"stat.craftItem.minecraft.stone_slab":12,"stat.pickup.mysticalworld.silver_ore":9,"stat.animalsBred":18,"stat.useItem.minecraft.chest":24,"stat.pickup.mysticalworld.copper_ore":12,"stat.pickup.mod_lavacow.mimic_claw":6,"stat.mineBlock.harvestcraft.pampawpaw":1,"stat.drop.iceandfire.dragon_meal":1,"stat.craftItem.locks.wood_lock_pick":42,"stat.pickup.vanillafoodpantry.small_bone":4,"stat.pickup.harvestcraft.troutrawitem":3,"stat.useItem.harvestcraft.scallionitem":1,"stat.useItem.exoticbirds.lyrebird_egg":1,"stat.craftItem.minecraft.iron_chestplate":2,"stat.pickup.minecraft.ender_pearl":54,"tombstone:eaten_lollipop":4,"stat.craftItem.travelersbackpack.sleeping_bag_bottom":1,"stat.mineBlock.minecraft.tnt":1,"stat.mineBlock.minecraft.stonebrick":86,"stat.pickup.harvestcraft.queenbeeitem":2,"stat.mineBlock.minecraft.glowstone":2,"stat.drop.tombstone.magic_scroll":1,"stat.craftItem.minecraft.shears":1,"stat.useItem.minecraft.cobblestone_wall":1,"stat.pickup.minecraft.torch":421,"stat.killEntity.ebwizardry:remnant":2,"stat.useItem.byg.pumpkinbread":9,"stat.drop.minecraft.stone_axe":1,"stat.drop.minecraft.arrow":5,"stat.killEntity.firedragon":1,"stat.craftItem.harvestcraft.saltitem":3,"stat.pickup.solcarrot.food_book":1,"stat.mineBlock.ancientspellcraft.sage_flax":1,"stat.craftItem.minecraft.iron_axe":2,"stat.useItem.ebwizardry.advanced_wand":11,"stat.pickup.ancientspellcraft.ritual_book":1,"stat.pickup.mod_lavacow.cursed_fabric":8,"stat.drop.minecraft.trapdoor":1,"stat.pickup.minecraft.fishing_rod":2,"stat.craftItem.iceandfire.dragon_meal":1,"stat.useItem.minecraft.planks":800,"stat.useItem.tombstone.familiar_stone":2,"stat.drop.harvestcraft.plumitem":1,"stat.pickup.minecraft.glass":2,"stat.pickup.minecraft.blaze_powder":7,"stat.drop.ebwizardry.magic_crystal":27,"stat.pickup.spartanshields.shield_basic_wood":2,"stat.useItem.minecraft.water_bucket":346,"stat.drop.travelersbackpack.travelers_backpack":1,"stat.pickup.cqrepoured.sword_walker":2,"stat.pickup.minecraft.sand":98,"stat.useItem.minecolonies.supplychestdeployer":1,"stat.pickup.iceandfire.bestiary":2,"stat.craftItem.harvestcraft.juiceritem":1,"stat.pickup.minecraft.name_tag":3,"stat.useItem.vanillafoodpantry.roasted_pumpkin_portion":9,"stat.useItem.msmlegacy.adminium_ark":1,"stat.useItem.minecraft.ender_pearl":4,"stat.entityKilledBy.firedragon":1,"stat.pickup.exoticbirds.kookaburra_egg":2,"stat.mineBlock.byg.scoria":55,"stat.pickup.harvestcraft.charrrawitem":2,"stat.pickup.lycanitesmobs.arcanelaserstormcharge":4,"stat.craftItem.minecraft.cooked_fish":56,"stat.useItem.minecraft.spawn_egg":59,"stat.pickup.vanillafoodpantry.wolf_raw":9,"stat.craftItem.harvestcraft.tomatoseeditem":16,"stat.pickup.iceandfire.dragon_skull":1,"stat.useItem.harvestcraft.leekitem":2,"stat.drop.cqrepoured.hookshot":1,"stat.pickup.vanillafoodpantry.tainted_villager_soul":1,"stat.drop.minecraft.stone_slab":2,"stat.pickup.harvestcraft.turnipitem":68,"stat.pickup.mod_lavacow.undyingheart":1,"stat.pickup.minecraft.filled_map":1,"stat.mineBlock.ebwizardry.runestone":3,"stat.pickup.minecraft.furnace":6,"stat.drop.iceandfire.dragon_skull":1,"tombstone:consume_soul":2,"stat.pickup.exoticbirds.crane_egg":2,"stat.drop.ebwizardry.ruined_spell_book":4,"stat.pickup.minecraft.iron_chestplate":16,"stat.useItem.minecraft.stone_stairs":3,"stat.pickup.minecraft.skull":3,"stat.pickup.tombstone.magic_scroll":20,"stat.drop.harvestcraft.turnipitem":14,"stat.useItem.harvestcraft.blackberryitem":1,"stat.useItem.harvestcraft.rhubarbseeditem":8,"stat.useItem.minecraft.pumpkin_pie":3,"stat.pickup.harvestcraft.perchrawitem":4,"stat.pickup.mod_lavacow.pigboarhide":1,"stat.drop.lycanitesmobs.reaperclaw":1,"stat.mineBlock.travelersbackpack.sleeping_bag_bottom":2,"stat.pickup.reforged.stone_dirk":1,"stat.playOneMinute":3169173,"stat.drop.minecraft.string":18,"stat.craftItem.eplus.advanced_table":1,"stat.pickup.mysticalworld.aubergine_seed":14,"stat.pickup.minecraft.iron_bars":45,"stat.drop.vanillafoodpantry.rock_salt_crystals":2,"stat.drop.minecraft.ice":4,"stat.pickup.harvestcraft.tomatoitem":41,"stat.mineBlock.treasure2.gold_skull_chest":1,"stat.killEntity.myrmex_royal":2,"stat.mineBlock.rustic.slate":1,"stat.craftItem.lycanitesmobs.saddle_aquatic":1,"stat.killEntity.toroquest_sentry":18,"stat.pickup.minecraft.cooked_chicken":10,"stat.fallOneCm":813966,"stat.pickup.exoticbirds.hummingbird_egg":2,"stat.drop.minecraft.dye":3,"stat.pickup.artifacts.pocket_piston":1,"stat.craftItem.minecraft.chest":21,"stat.pickup.minecraft.red_mushroom":31,"stat.pickup.vanillafoodpantry.fried_egg_sandwich":2,"stat.useItem.minecraft.iron_hoe":419,"stat.pickup.rustic.horsetail":2,"stat.pickup.treasure2.leaf_key":2,"stat.craftItem.mysticalworld.fish_and_chips":16,"stat.pickup.mod_lavacow.scythe_claw":1,"stat.pickup.iceandfire.lectern":1,"jengu.kill":8,"stat.pickup.minecraft.feather":40,"stat.drop.minecraft.iron_leggings":1,"stat.mineBlock.mysticalworld.silver_ore":9,"stat.useItem.ebwizardry.receptacle":1,"stat.pickup.iceandfire.dragonscales_red":13,"gnekk.kill":4,"stat.killEntity.cqr_illager":4,"stat.pickup.useless_sword.vexectoplasm":2,"stat.mineBlock.minecraft.spruce_fence":1,"stat.craftItem.elderarsenal.iron_shield":1,"stat.pickup.minecraft.lead":19,"stat.craftItem.vanillafoodpantry.roasted_pumpkin_portion":9,"stat.useItem.minecraft.stone_pickaxe":280,"stat.useItem.mysticalworld.silkworm_egg":2,"stat.useItem.minecraft.stone_sword":32,"stat.craftItem.minecraft.iron_leggings":1,"stat.pickup.vanillafoodpantry.red_flint":3,"stat.craftItem.vanillafoodpantry.fried_egg":4,"stat.pickup.minecraft.chainmail_boots":14,"stat.drop.minecraft.stick":1,"stat.mineBlock.minecraft.monster_egg":1,"stat.drop.tombstone.crafting_ingredient":8,"stat.pickup.locks.key_blank":1,"stat.craftItem.mysticalworld.silver_ingot":5,"stat.killEntity.LavaSlime":10,"stat.pickup.minecraft.log":361,"stat.pickup.treasure2.silver_ring":1,"stat.mineBlock.harvestcraft.pammaple":5,"stat.pickup.lycanitesmobs.bulwark_burger":1,"stat.pickup.artifacts.magma_stone":1,"stat.pickup.exoticbirds.lyrebird_egg":4,"stat.pickup.minecraft.chainmail_leggings":8,"stat.useItem.exoticbirds.cardinal_egg":3,"stat.pickup.minecraft.wooden_door":3,"stat.mineBlock.rustic.mooncap_mushroom":1,"stat.killEntity.ancientspellcraft:skeleton_mage":29,"stat.killEntity.Bonepile":1,"stat.pickup.minecraft.diamond_helmet":5,"stat.pickup.ebwizardry.receptacle":1,"stat.craftItem.minecraft.cooked_chicken":13,"stat.craftItem.minecraft.flower_pot":4,"stat.drop.harvestcraft.calamarirawitem":3,"stat.sneakTime":68355,"stat.mineBlock.minecraft.cobblestone_wall":2,"stat.mineBlock.minecraft.jukebox":2,"stat.pickup.minecraft.chest":3,"stat.craftItem.iceandfire.lectern":1,"stat.craftItem.minecraft.enchanting_table":1,"stat.craftItem.mocreatures.crabcooked":3,"stat.drop.minecraft.sugar":1,"stat.useItem.harvestcraft.garlicitem":6,"stat.drop.minecraft.beetroot":2,"stat.craftItem.minecraft.stone_brick_stairs":8,"stat.pickup.artifacts.drinking_hat":2,"stat.useItem.mysticalworld.fish_and_chips":70,"stat.pickup.exoticbirds.seagull_egg":2,"stat.swimOneCm":382817,"stat.drop.exoticbirds.cooked_birdmeat":3,"stat.mineBlock.minecraft.spruce_stairs":3,"strider.kill":4,"stat.useItem.minecraft.dirt":588,"stat.pickup.jjskill.curved_bow":1,"stat.pickup.spartanweaponry.warhammer_iron":1,"stat.drop.locks.wood_lock_pick":10,"stat.killEntity.artifacts.mimic":9,"stat.useItem.lycanitesmobs.cooked_bobeko_meat":7,"stat.pickup.exoticbirds.cardinal_egg":3,"stat.drop.vanillafoodpantry.bit_pipette":1,"stat.useItem.minecraft.stone_shovel":31,"stat.useItem.tombstone.scroll_buff":1,"stat.pickup.minecraft.glass_bottle":15,"stat.drop.minecraft.wheat_seeds":2,"stat.craftItem.toughasnails.charcoal_filter":3,"stat.pickup.harvestcraft.leekitem":29,"stat.drop.minecraft.log":14,"stat.useItem.minecraft.sign":1,"stat.pickup.minecraft.mutton":10,"stat.mineBlock.ebwizardry.arcane_workbench":4,"stat.drop.minecolonies.supplychestdeployer":1,"stat.drop.mod_lavacow.glowshroom":1,"stat.pickup.byg.aspen_sapling":1,"stat.pickup.minecraft.stonebrick":51,"stat.useItem.exoticbirds.pigeon_egg":8,"krake.kill":15,"stat.pickup.ebwizardry.magic_crystal":271,"stat.drop.minecraft.beetroot_seeds":7,"stat.mineBlock.minecraft.nether_brick":20,"stat.drop.exoticbirds.mystery_egg":9,"stat.pickup.vanillafoodpantry.rock_salt_crystals":31,"stat.drop.minecraft.log2":10,"frostweaver.kill":3,"stat.craftItem.minecraft.stone_slab2":0,"stat.pickup.tombstone.lost_tablet":6,"stat.killEntity.ancientspellcraft:evil_class_wizard":1,"stat.drop.rustic.tomato_seeds":4,"stat.drop.minecraft.potion":1,"stat.pickup.paraglider.paraglider":1,"stat.pickup.tombstone.lollipop":4,"stat.craftItem.minecraft.stone":34,"stat.craftItem.minecraft.armor_stand":1,"stat.mineBlock.minecraft.crafting_table":4,"stat.mineBlock.minecraft.quartz_block":89,"stat.useItem.minecraft.diamond_pickaxe":669,"stat.craftItem.lycanitesmobs.lapis_fish_and_chips":7,"stat.useItem.minecraft.carrot":28,"stat.useItem.minecraft.wooden_shovel":59,"stat.drop.tombstone.fishing_rod_of_misadventure":1,"stat.pickup.ebwizardry.grand_crystal":1,"stat.drop.vanillafoodpantry.flint_cutter":3,"stat.craftItem.harvestcraft.potitem":1,"stat.pickup.ebwizardry.spark_bomb":1,"stat.pickup.minecraft.slime_ball":14,"stat.craftItem.minecraft.diamond_pickaxe":1,"stat.pickup.artifacts.bottled_cloud":2,"stat.pickup.harvestcraft.anchovyrawitem":4,"stat.killEntity.toroquest_zombie_villager_raider":4,"stat.pickup.minecraft.gravel":35,"stat.useItem.minecraft.glass_bottle":1,"roa.kill":2,"stat.pickup.minecraft.stone_brick_stairs":4,"stat.pickup.byg.soapstone":39,"stat.pickup.minecraft.iron_helmet":10,"stat.pickup.minecraft.spider_eye":45,"stat.pickup.minecraft.experience_bottle":2,"stat.pickup.byg.purplesage":6,"stat.useItem.minecraft.cooked_chicken":33,"stat.mineBlock.harvestcraft.frostgarden":1,"stat.pickup.minecraft.iron_ore":294,"stat.pickup.iceandfire.shiny_scales":3,"stat.mineBlock.mca.rose_gold_ore":1,"stat.mineBlock.minecraft.iron_bars":41,"stat.pickup.minecraft.leaves":2,"stat.pickup.treasure2.iron_key":1,"stat.useItem.locks.gold_lock_pick":2,"stat.pickup.minecraft.leather":40,"stat.drop.minecraft.iron_hoe":1,"stat.useItem.minecraft.wooden_pickaxe":27,"stat.mineBlock.minecraft.mycelium":1,"stat.drop.toroquest.bandit_helmet":3,"stat.pickup.minecraft.reeds":70,"stat.pickup.minecraft.prismarine_crystals":10,"tombstone:undead_killed":703,"stat.craftItem.minecraft.glass":10,"stat.drop.minecraft.cooked_chicken":2,"stat.killEntity.bound_soul":2,"stat.sleepInBed":44,"stat.craftItem.minecraft.baked_potato":57,"stat.killEntity.Cow":3,"stat.craftItem.minecraft.iron_sword":1,"stat.pickup.cqrepoured.great_sword_iron":2,"stat.walkOneCm":7007275,"stat.craftItem.harvestcraft.rhubarbseeditem":13,"stat.pickup.minecraft.clay_ball":132,"stat.useItem.harvestcraft.turnipseeditem":12,"stat.pickup.minecraft.tnt":2,"stat.drop.minecraft.iron_chestplate":2,"stat.pickup.minecraft.stone":242,"stat.killEntity.grimoireofgaia.dullahan":2,"stat.mineBlock.minecraft.wool":1,"stat.mineBlock.minecraft.packed_ice":16,"stat.pickup.lycanitesmobs.crystalshardcharge":8,"abtu.kill":4,"stat.pickup.lycanitesmobs.reaperclaw":2,"stat.pickup.minecraft.gold_ingot":9,"stat.killEntity.Skeleton":147,"stat.pickup.minecraft.record_mall":3,"stat.pickup.cqrepoured.helmet_heavy_iron":1,"stat.drop.minecraft.chainmail_boots":1,"stat.drop.minecraft.fermented_spider_eye":2,"stat.killEntity.Spider":85,"stat.pickup.minecraft.bread":15,"stat.craftItem.minecraft.spruce_fence":3,"stat.pickup.minecraft.quartz":95,"stat.pickup.lycanitesmobs.icefireballcharge":55,"stat.pickup.minecraft.spruce_stairs":3,"stat.mineBlock.minecraft.redstone_ore":7,"spectre.kill":8,"stat.pickup.lycanitesmobs.aquaticspawn":1,"stat.pickup.minecraft.lava_bucket":1,"stat.pickup.rustic.core_root":2,"stat.craftItem.minecraft.brick":106,"stat.mineBlock.minecraft.stone":2049}