{
  "tombstone:tutorial/create_fishing_rod": {
    "criteria": {
      "has_fishing_rod": "2024-08-16 00:20:55 +0000"
    },
    "done": true
  },
  "minecraft:recipes/redstone/dispenser": {
    "criteria": {
      "has_bow": "2024-08-16 00:16:24 +0000"
    },
    "done": true
  },
  "jaff:recipes/jaff/iron_hook": {
    "criteria": {
      "has_iron_nugget": "2024-08-15 23:28:08 +0000"
    },
    "done": true
  },
  "tombstone:tutorial/root": {
    "criteria": {
      "auto": "2024-08-15 23:24:37 +0000"
    },
    "done": true
  },
  "tombstone:tutorial/first_knowledge": {
    "criteria": {
      "coded_trigger": "2024-08-15 23:27:59 +0000"
    },
    "done": true
  },
  "ebwizardry:handbook/crystal_flowers": {
    "criteria": {
      "criteria_0": "2024-08-16 00:24:44 +0000"
    },
    "done": true
  },
  "ancientbeasts:root": {
    "criteria": {
      "tick": "2024-08-15 23:24:38 +0000"
    },
    "done": true
  },
  "tombstone:tutorial/cancel_ghostly_shape": {
    "criteria": {
      "coded_trigger": "2024-08-15 23:28:03 +0000"
    },
    "done": true
  },
  "mysticalworld:root": {
    "criteria": {
      "auto": "2024-08-15 23:24:37 +0000"
    },
    "done": true
  },
  "cqrepoured:cqr/root": {
    "criteria": {
      "tick": "2024-08-15 23:24:38 +0000"
    },
    "done": true
  },
  "tombstone:tutorial/teleport_to_grave": {
    "criteria": {
      "coded_trigger": "2024-08-15 23:27:59 +0000"
    },
    "done": true
  },
  "minecraft:story/obtain_armor": {
    "criteria": {
      "iron_chestplate": "2024-08-15 23:54:26 +0000"
    },
    "done": true
  },
  "mod_lavacow:mod_lavacow/root": {
    "criteria": {
      "tick": "2024-08-15 23:24:38 +0000"
    },
    "done": true
  },
  "tombstone:recipes/from_grave_key": {
    "criteria": {
      "has_ingredient": "2024-08-15 23:26:35 +0000"
    },
    "done": true
  },
  "vanillafoodpantry:vanillafoodpantry/root": {
    "criteria": {
      "consumed_item": "2024-08-16 00:21:57 +0000"
    },
    "done": true
  },
  "cfm:root": {
    "criteria": {
      "tick": "2024-08-15 23:24:38 +0000"
    },
    "done": true
  },
  "minecraft:recipes/brewing/cauldron": {
    "criteria": {
      "has_water_bucket": "2024-08-15 23:34:33 +0000"
    },
    "done": true
  },
  "tombstone:tutorial/first_grave": {
    "criteria": {
      "coded_trigger": "2024-08-15 23:26:26 +0000"
    },
    "done": true
  },
  "ebwizardry:root": {
    "criteria": {
      "criteria_0": "2024-08-16 00:26:32 +0000"
    },
    "done": true
  },
  "ebwizardry:crystal": {
    "criteria": {
      "criteria_0": "2024-08-16 00:26:32 +0000"
    },
    "done": true
  },
  "tombstone:tutorial/enchant_grave_key": {
    "criteria": {
      "has_upgraded_grave_key": "2024-08-15 23:26:35 +0000"
    },
    "done": true
  },
  "ebwizardry:apprentice": {
    "criteria": {
      "magic": "2024-08-16 00:09:46 +0000"
    },
    "done": true
  },
  "iceandfire:iceandfire/root": {
    "criteria": {
      "tick": "2024-08-15 23:24:38 +0000"
    },
    "done": true
  },
  "minecraft:story/iron_tools": {
    "criteria": {
      "iron_pickaxe": "2024-08-16 00:16:31 +0000"
    },
    "done": true
  },
  "minecraft:husbandry/root": {
    "criteria": {
      "consumed_item": "2024-08-16 00:21:57 +0000"
    },
    "done": true
  },
  "jaff:recipes/jaff/tank": {
    "criteria": {
      "has_water_bucket": "2024-08-15 23:34:33 +0000"
    },
    "done": true
  },
  "minecraft:recipes/decorations/chest": {
    "criteria": {
      "has_lots_of_items": "2024-08-15 23:37:27 +0000"
    },
    "done": true
  },
  "minecraft:story/shiny_gear": {
    "criteria": {
      "diamond_helmet": "2024-08-15 23:43:27 +0000"
    },
    "done": true
  },
  "ebwizardry:handbook/spells": {
    "criteria": {
      "criteria_0": "2024-08-15 23:37:12 +0000"
    },
    "done": true
  },
  "cfm:install": {
    "criteria": {
      "tick": "2024-08-15 23:24:38 +0000"
    },
    "done": true
  },
  "ebwizardry:advanced": {
    "criteria": {
      "magic": "2024-08-15 23:34:20 +0000"
    },
    "done": true
  },
  "exoticbirds:eb/root": {
    "criteria": {
      "trigger_1": "2024-08-15 23:24:37 +0000"
    },
    "done": true
  },
  "tombstone:tutorial/enchant_fishing_rod": {
    "criteria": {
      "has_fishing_rod": "2024-08-16 00:20:55 +0000"
    },
    "done": true
  },
  "tombstone:tutorial/create_magic_tablet": {
    "criteria": {
      "has_magic_tablet": "2024-08-16 00:08:42 +0000"
    },
    "done": true
  },
  "minecraft:adventure/root": {
    "criteria": {
      "killed_by_something": "2024-08-15 23:26:26 +0000"
    },
    "done": true
  },
  "ebwizardry:handbook/arcane_workbench": {
    "criteria": {
      "criteria_0": "2024-08-16 00:11:19 +0000"
    },
    "done": true
  },
  "mowziesmobs:root": {
    "criteria": {
      "custom_test_name": "2024-08-15 23:24:38 +0000"
    },
    "done": true
  },
  "twilightforest:alt/compat/tconstruct": {
    "criteria": {
      "book": "2024-08-15 23:24:37 +0000"
    },
    "done": true
  },
  "farlanders:root": {
    "criteria": {
      "attack": "2024-08-15 23:28:03 +0000"
    },
    "done": true
  }
}