{
	"biome": "netherex:arctic_abyss",
	"generationWeight": 2,
	"useDefaultDecorations": true,
	"isSubBiome": false,
	"blocks": {
		"surface": {
			"block": "netherex:frostburn_ice"
		},
		"liquid": {
			"block": "minecraft:magma"
		},
		"subsurface": {
			"block": "netherex:icy_netherrack"
		}
	},
	"entities": [
		{
			"spawnWeight": 20,
			"minimumGroupCount": 2,
			"maximumGroupCount": 4,
			"entity": "grimoireofgaia:satyress"
		}, 
		{
			"spawnWeight": 20,
			"minimumGroupCount": 4,
			"maximumGroupCount": 6,
			"entity": "grimoireofgaia:centaur"
		}, 
		{
			"spawnWeight": 10,
			"minimumGroupCount": 1,
			"maximumGroupCount": 1,
			"entity": "grimoireofgaia:spawner_minotaur"
		}, 
		{
			"spawnWeight": 40,
			"minimumGroupCount": 2,
			"maximumGroupCount": 4,
			"entity": "grimoireofgaia:ender_eye"
		}, 
		{
			"spawnWeight": 40,
			"minimumGroupCount": 1,
			"maximumGroupCount": 1,
			"entity": "grimoireofgaia:vase"
		}, 
		{
			"spawnWeight": 40,
			"minimumGroupCount": 1,
			"maximumGroupCount": 1,
			"entity": "grimoireofgaia:chest"
		}, 
		{
			"spawnWeight": 12,
			"minimumGroupCount": 1,
			"maximumGroupCount": 1,
			"entity": "grimoireofgaia:vase_nether"
		}, 
		{
			"spawnWeight": 4,
			"minimumGroupCount": 1,
			"maximumGroupCount": 2,
			"entity": "lycanitesmobs:maug"
		}, 
		{
			"spawnWeight": 2,
			"minimumGroupCount": 1,
			"maximumGroupCount": 3,
			"entity": "lycanitesmobs:serpix"
		}, 
		{
			"spawnWeight": 6,
			"minimumGroupCount": 1,
			"maximumGroupCount": 3,
			"entity": "lycanitesmobs:ventoraptor"
		}, 
		{
			"spawnWeight": 4,
			"minimumGroupCount": 1,
			"maximumGroupCount": 3,
			"entity": "lycanitesmobs:feradon"
		}, 
		{
			"spawnWeight": 8,
			"minimumGroupCount": 1,
			"maximumGroupCount": 3,
			"entity": "lycanitesmobs:arisaur"
		}, 
		{
			"spawnWeight": 10,
			"minimumGroupCount": 1,
			"maximumGroupCount": 4,
			"entity": "lycanitesmobs:bobeko"
		}, 
		{
			"spawnWeight": 6,
			"minimumGroupCount": 1,
			"maximumGroupCount": 3,
			"entity": "lycanitesmobs:pinky"
		}, 
		{
			"spawnWeight": 16,
			"minimumGroupCount": 1,
			"maximumGroupCount": 3,
			"entity": "lycanitesmobs:maka"
		}, 
		{
			"spawnWeight": 7,
			"minimumGroupCount": 1,
			"maximumGroupCount": 4,
			"entity": "mocreatures:ant"
		}, 
		{
			"spawnWeight": 6,
			"minimumGroupCount": 1,
			"maximumGroupCount": 2,
			"entity": "mocreatures:bee"
		}, 
		{
			"spawnWeight": 8,
			"minimumGroupCount": 1,
			"maximumGroupCount": 4,
			"entity": "mocreatures:butterfly"
		}, 
		{
			"spawnWeight": 8,
			"minimumGroupCount": 1,
			"maximumGroupCount": 2,
			"entity": "mocreatures:cricket"
		}, 
		{
			"spawnWeight": 6,
			"minimumGroupCount": 1,
			"maximumGroupCount": 2,
			"entity": "mocreatures:dragonfly"
		}, 
		{
			"spawnWeight": 10,
			"minimumGroupCount": 1,
			"maximumGroupCount": 2,
			"entity": "mocreatures:grasshopper"
		}, 
		{
			"spawnWeight": 10,
			"minimumGroupCount": 1,
			"maximumGroupCount": 4,
			"entity": "mocreatures:bass"
		}, 
		{
			"spawnWeight": 12,
			"minimumGroupCount": 1,
			"maximumGroupCount": 6,
			"entity": "mocreatures:fishy"
		}, 
		{
			"spawnWeight": 10,
			"minimumGroupCount": 1,
			"maximumGroupCount": 4,
			"entity": "mocreatures:salmon"
		}
	],
	"traits": [
		{
			"generationAttempts": 2,
			"generationStage": "terrain_alteration",
			"generationProbability": 0.125,
			"minimumGenerationHeight": 36,
			"blockToSpawn": {
				"block": "netherex:ichor"
			},
			"randomizeGenerationAttempts": false,
			"trait": "libraryex:pool",
			"maximumGenerationHeight": 108,
			"blockToSurround": {
				"block": "netherex:frostburn_ice"
			}
		}, 
		{
			"generationAttempts": 5,
			"generationStage": "decoration",
			"generationProbability": 1.0,
			"minimumGenerationHeight": 4,
			"blockToSpawn": {
				"block": "netherex:blue_fire"
			},
			"blockToTarget": {
				"block": "netherex:frostburn_ice"
			},
			"randomizeGenerationAttempts": true,
			"trait": "libraryex:scatter",
			"maximumGenerationHeight": 124,
			"placement": "on_ground"
		}, 
		{
			"generationAttempts": 10,
			"generationStage": "decoration",
			"generationProbability": 1.0,
			"minimumGenerationHeight": 4,
			"blockToSpawn": {
				"block": "minecraft:glowstone"
			},
			"randomizeGenerationAttempts": true,
			"trait": "libraryex:cluster",
			"maximumGenerationHeight": 124,
			"blockToAttachTo": {
				"block": "netherex:icy_netherrack"
			},
			"direction": "down"
		}, 
		{
			"generationAttempts": 10,
			"generationStage": "decoration",
			"generationProbability": 1.0,
			"minimumGenerationHeight": 1,
			"blockToSpawn": {
				"block": "minecraft:glowstone"
			},
			"randomizeGenerationAttempts": false,
			"trait": "libraryex:cluster",
			"maximumGenerationHeight": 128,
			"blockToAttachTo": {
				"block": "netherex:icy_netherrack"
			},
			"direction": "down"
		}, 
		{
			"generationAttempts": 16,
			"generationStage": "ore",
			"generationProbability": 1.0,
			"minimumGenerationHeight": 10,
			"veinSize": 14,
			"blockToSpawn": {
				"block": "netherex:quartz_ore"
			},
			"randomizeGenerationAttempts": false,
			"blockToReplace": {
				"block": "netherex:icy_netherrack"
			},
			"trait": "libraryex:ore",
			"maximumGenerationHeight": 108
		}, 
		{
			"generationAttempts": 16,
			"generationStage": "ore",
			"generationProbability": 1.0,
			"minimumGenerationHeight": 10,
			"veinSize": 7,
			"blockToSpawn": {
				"block": "netherex:rime_ore"
			},
			"randomizeGenerationAttempts": false,
			"blockToReplace": {
				"block": "netherex:icy_netherrack"
			},
			"trait": "libraryex:ore",
			"maximumGenerationHeight": 108
		}
	],
	"subBiomes": []
}