{
	"biome": "netherex:fungi_forest",
	"generationWeight": 4,
	"useDefaultDecorations": true,
	"isSubBiome": false,
	"blocks": {
		"surface": {
			"block": "netherex:hyphae"
		},
		"liquid": {
			"block": "minecraft:lava"
		},
		"subsurface": {
			"block": "netherex:lively_netherrack"
		}
	},
	"entities": [
		{
			"spawnWeight": 30,
			"minimumGroupCount": 2,
			"maximumGroupCount": 6,
			"entity": "grimoireofgaia:goblin"
		}, 
		{
			"spawnWeight": 40,
			"minimumGroupCount": 2,
			"maximumGroupCount": 4,
			"entity": "grimoireofgaia:ender_eye"
		}, 
		{
			"spawnWeight": 40,
			"minimumGroupCount": 1,
			"maximumGroupCount": 1,
			"entity": "grimoireofgaia:vase"
		}, 
		{
			"spawnWeight": 40,
			"minimumGroupCount": 1,
			"maximumGroupCount": 1,
			"entity": "grimoireofgaia:chest"
		}, 
		{
			"spawnWeight": 12,
			"minimumGroupCount": 1,
			"maximumGroupCount": 1,
			"entity": "grimoireofgaia:vase_nether"
		}, 
		{
			"spawnWeight": 4,
			"minimumGroupCount": 1,
			"maximumGroupCount": 3,
			"entity": "lycanitesmobs:barghest"
		}, 
		{
			"spawnWeight": 4,
			"minimumGroupCount": 1,
			"maximumGroupCount": 2,
			"entity": "lycanitesmobs:maug"
		}, 
		{
			"spawnWeight": 2,
			"minimumGroupCount": 1,
			"maximumGroupCount": 3,
			"entity": "lycanitesmobs:serpix"
		}, 
		{
			"spawnWeight": 6,
			"minimumGroupCount": 1,
			"maximumGroupCount": 3,
			"entity": "lycanitesmobs:ventoraptor"
		}, 
		{
			"spawnWeight": 4,
			"minimumGroupCount": 1,
			"maximumGroupCount": 3,
			"entity": "lycanitesmobs:feradon"
		}, 
		{
			"spawnWeight": 8,
			"minimumGroupCount": 1,
			"maximumGroupCount": 3,
			"entity": "lycanitesmobs:arisaur"
		}, 
		{
			"spawnWeight": 10,
			"minimumGroupCount": 1,
			"maximumGroupCount": 4,
			"entity": "lycanitesmobs:bobeko"
		}, 
		{
			"spawnWeight": 16,
			"minimumGroupCount": 1,
			"maximumGroupCount": 3,
			"entity": "lycanitesmobs:aspid"
		}, 
		{
			"spawnWeight": 6,
			"minimumGroupCount": 1,
			"maximumGroupCount": 3,
			"entity": "lycanitesmobs:pinky"
		}, 
		{
			"spawnWeight": 16,
			"minimumGroupCount": 1,
			"maximumGroupCount": 3,
			"entity": "lycanitesmobs:maka"
		}, 
		{
			"spawnWeight": 7,
			"minimumGroupCount": 1,
			"maximumGroupCount": 4,
			"entity": "mocreatures:ant"
		}, 
		{
			"spawnWeight": 6,
			"minimumGroupCount": 1,
			"maximumGroupCount": 2,
			"entity": "mocreatures:bee"
		}, 
		{
			"spawnWeight": 8,
			"minimumGroupCount": 1,
			"maximumGroupCount": 4,
			"entity": "mocreatures:butterfly"
		}, 
		{
			"spawnWeight": 8,
			"minimumGroupCount": 1,
			"maximumGroupCount": 2,
			"entity": "mocreatures:cricket"
		}, 
		{
			"spawnWeight": 6,
			"minimumGroupCount": 1,
			"maximumGroupCount": 2,
			"entity": "mocreatures:dragonfly"
		}, 
		{
			"spawnWeight": 8,
			"minimumGroupCount": 1,
			"maximumGroupCount": 2,
			"entity": "mocreatures:fly"
		}, 
		{
			"spawnWeight": 10,
			"minimumGroupCount": 1,
			"maximumGroupCount": 2,
			"entity": "mocreatures:grasshopper"
		}, 
		{
			"spawnWeight": 8,
			"minimumGroupCount": 1,
			"maximumGroupCount": 2,
			"entity": "mocreatures:maggot"
		}, 
		{
			"spawnWeight": 8,
			"minimumGroupCount": 1,
			"maximumGroupCount": 2,
			"entity": "mocreatures:roach"
		}, 
		{
			"spawnWeight": 10,
			"minimumGroupCount": 1,
			"maximumGroupCount": 4,
			"entity": "mocreatures:bass"
		}, 
		{
			"spawnWeight": 12,
			"minimumGroupCount": 1,
			"maximumGroupCount": 6,
			"entity": "mocreatures:fishy"
		}, 
		{
			"spawnWeight": 10,
			"minimumGroupCount": 1,
			"maximumGroupCount": 4,
			"entity": "mocreatures:salmon"
		}
	],
	"traits": [
		{
			"generationAttempts": 10,
			"generationStage": "decoration",
			"generationProbability": 1.0,
			"minimumGenerationHeight": 4,
			"blockToSpawn": {
				"block": "minecraft:glowstone"
			},
			"randomizeGenerationAttempts": true,
			"trait": "libraryex:cluster",
			"maximumGenerationHeight": 124,
			"blockToAttachTo": {
				"block": "netherex:lively_netherrack"
			},
			"direction": "down"
		}, 
		{
			"generationAttempts": 10,
			"generationStage": "decoration",
			"generationProbability": 1.0,
			"minimumGenerationHeight": 1,
			"blockToSpawn": {
				"block": "minecraft:glowstone"
			},
			"randomizeGenerationAttempts": false,
			"trait": "libraryex:cluster",
			"maximumGenerationHeight": 128,
			"blockToAttachTo": {
				"block": "netherex:lively_netherrack"
			},
			"direction": "down"
		}, 
		{
			"generationAttempts": 256,
			"generationStage": "decoration",
			"shape": "flat",
			"generationProbability": 1.0,
			"minimumGenerationHeight": 32,
			"randomizeGenerationAttempts": false,
			"trait": "libraryex:big_mushroom",
			"maximumGenerationHeight": 108,
			"blockToPlaceOn": {
				"block": "netherex:hyphae"
			},
			"mushroomCap": {
				"block": "netherex:brown_elder_mushroom_cap"
			},
			"mushroomStem": {
				"block": "netherex:elder_mushroom_stem"
			}
		}, 
		{
			"generationAttempts": 256,
			"generationStage": "decoration",
			"shape": "bulb",
			"generationProbability": 1.0,
			"minimumGenerationHeight": 32,
			"randomizeGenerationAttempts": false,
			"trait": "libraryex:big_mushroom",
			"maximumGenerationHeight": 108,
			"blockToPlaceOn": {
				"block": "netherex:hyphae"
			},
			"mushroomCap": {
				"block": "netherex:red_elder_mushroom_cap"
			},
			"mushroomStem": {
				"block": "netherex:elder_mushroom_stem"
			}
		}, 
		{
			"generationAttempts": 32,
			"generationStage": "decoration",
			"generationProbability": 1.0,
			"minimumGenerationHeight": 48,
			"randomizeGenerationAttempts": false,
			"trait": "netherex:enoki",
			"maximumGenerationHeight": 118
		}, 
		{
			"generationAttempts": 16,
			"generationStage": "ore",
			"generationProbability": 1.0,
			"minimumGenerationHeight": 10,
			"veinSize": 14,
			"blockToSpawn": {
				"block": "netherex:quartz_ore"
			},
			"randomizeGenerationAttempts": false,
			"blockToReplace": {
				"block": "netherex:lively_netherrack"
			},
			"trait": "libraryex:ore",
			"maximumGenerationHeight": 108
		}, 
		{
			"generationAttempts": 1,
			"generationStage": "structure",
			"generationProbability": 0.0125,
			"structureType": "air",
			"minimumGenerationHeight": 32,
			"clearancePercentage": 1.0,
			"randomizeGenerationAttempts": false,
			"structures": [
				"netherex:ghast_queen_shrine"
			],
			"trait": "libraryex:structure",
			"maximumGenerationHeight": 118,
			"ignoredBlock": {
				"block": "minecraft:structure_void"
			}
		}
	],
	"subBiomes": []
}