{
	"biome": "netherex:torrid_wasteland",
	"generationWeight": 6,
	"useDefaultDecorations": true,
	"isSubBiome": false,
	"blocks": {
		"surface": {
			"block": "netherex:fiery_netherrack"
		},
		"liquid": {
			"block": "minecraft:lava"
		},
		"subsurface": {
			"block": "netherex:fiery_netherrack"
		}
	},
	"entities": [
		{
			"spawnWeight": 30,
			"minimumGroupCount": 2,
			"maximumGroupCount": 6,
			"entity": "grimoireofgaia:goblin"
		}, 
		{
			"spawnWeight": 40,
			"minimumGroupCount": 2,
			"maximumGroupCount": 4,
			"entity": "grimoireofgaia:ender_eye"
		}, 
		{
			"spawnWeight": 40,
			"minimumGroupCount": 1,
			"maximumGroupCount": 1,
			"entity": "grimoireofgaia:vase"
		}, 
		{
			"spawnWeight": 40,
			"minimumGroupCount": 1,
			"maximumGroupCount": 1,
			"entity": "grimoireofgaia:chest"
		}, 
		{
			"spawnWeight": 12,
			"minimumGroupCount": 1,
			"maximumGroupCount": 1,
			"entity": "grimoireofgaia:vase_nether"
		}, 
		{
			"spawnWeight": 4,
			"minimumGroupCount": 1,
			"maximumGroupCount": 3,
			"entity": "lycanitesmobs:barghest"
		}, 
		{
			"spawnWeight": 2,
			"minimumGroupCount": 1,
			"maximumGroupCount": 1,
			"entity": "lycanitesmobs:crusk"
		}, 
		{
			"spawnWeight": 4,
			"minimumGroupCount": 1,
			"maximumGroupCount": 2,
			"entity": "lycanitesmobs:erepede"
		}, 
		{
			"spawnWeight": 6,
			"minimumGroupCount": 1,
			"maximumGroupCount": 3,
			"entity": "lycanitesmobs:ventoraptor"
		}, 
		{
			"spawnWeight": 4,
			"minimumGroupCount": 1,
			"maximumGroupCount": 3,
			"entity": "lycanitesmobs:feradon"
		}, 
		{
			"spawnWeight": 8,
			"minimumGroupCount": 1,
			"maximumGroupCount": 3,
			"entity": "lycanitesmobs:arisaur"
		}, 
		{
			"spawnWeight": 8,
			"minimumGroupCount": 1,
			"maximumGroupCount": 3,
			"entity": "lycanitesmobs:joust"
		}, 
		{
			"spawnWeight": 6,
			"minimumGroupCount": 1,
			"maximumGroupCount": 3,
			"entity": "lycanitesmobs:pinky"
		}, 
		{
			"spawnWeight": 16,
			"minimumGroupCount": 1,
			"maximumGroupCount": 3,
			"entity": "lycanitesmobs:maka"
		}, 
		{
			"spawnWeight": 7,
			"minimumGroupCount": 1,
			"maximumGroupCount": 4,
			"entity": "mocreatures:ant"
		}, 
		{
			"spawnWeight": 6,
			"minimumGroupCount": 1,
			"maximumGroupCount": 2,
			"entity": "mocreatures:bee"
		}, 
		{
			"spawnWeight": 8,
			"minimumGroupCount": 1,
			"maximumGroupCount": 4,
			"entity": "mocreatures:butterfly"
		}, 
		{
			"spawnWeight": 8,
			"minimumGroupCount": 1,
			"maximumGroupCount": 2,
			"entity": "mocreatures:cricket"
		}, 
		{
			"spawnWeight": 6,
			"minimumGroupCount": 1,
			"maximumGroupCount": 2,
			"entity": "mocreatures:dragonfly"
		}, 
		{
			"spawnWeight": 8,
			"minimumGroupCount": 1,
			"maximumGroupCount": 2,
			"entity": "mocreatures:fly"
		}, 
		{
			"spawnWeight": 10,
			"minimumGroupCount": 1,
			"maximumGroupCount": 2,
			"entity": "mocreatures:grasshopper"
		}, 
		{
			"spawnWeight": 8,
			"minimumGroupCount": 1,
			"maximumGroupCount": 2,
			"entity": "mocreatures:maggot"
		}, 
		{
			"spawnWeight": 8,
			"minimumGroupCount": 1,
			"maximumGroupCount": 2,
			"entity": "mocreatures:roach"
		}, 
		{
			"spawnWeight": 10,
			"minimumGroupCount": 1,
			"maximumGroupCount": 4,
			"entity": "mocreatures:bass"
		}, 
		{
			"spawnWeight": 12,
			"minimumGroupCount": 1,
			"maximumGroupCount": 6,
			"entity": "mocreatures:fishy"
		}, 
		{
			"spawnWeight": 10,
			"minimumGroupCount": 1,
			"maximumGroupCount": 4,
			"entity": "mocreatures:salmon"
		}
	],
	"traits": [
		{
			"generationAttempts": 8,
			"generationStage": "terrain_alteration",
			"generationProbability": 1.0,
			"minimumGenerationHeight": 10,
			"blockToSpawn": {
				"block": "minecraft:flowing_lava"
			},
			"randomizeGenerationAttempts": false,
			"trait": "libraryex:pool",
			"maximumGenerationHeight": 108,
			"blockToSurround": {
				"block": "netherex:fiery_netherrack"
			}
		}, 
		{
			"generationAttempts": 16,
			"generationStage": "decoration",
			"generationProbability": 1.0,
			"minimumGenerationHeight": 4,
			"blockToTarget": {
				"block": "netherex:fiery_netherrack"
			},
			"blockToSpawn": {
				"block": "minecraft:flowing_lava"
			},
			"randomizeGenerationAttempts": false,
			"trait": "libraryex:fluid",
			"maximumGenerationHeight": 124,
			"generateFalling": false
		}, 
		{
			"generationAttempts": 20,
			"generationStage": "decoration",
			"generationProbability": 1.0,
			"minimumGenerationHeight": 4,
			"blockToSpawn": {
				"block": "minecraft:fire"
			},
			"blockToTarget": {
				"block": "netherex:fiery_netherrack"
			},
			"randomizeGenerationAttempts": true,
			"trait": "libraryex:scatter",
			"maximumGenerationHeight": 124,
			"placement": "on_ground"
		}, 
		{
			"generationAttempts": 10,
			"generationStage": "decoration",
			"generationProbability": 1.0,
			"minimumGenerationHeight": 4,
			"blockToSpawn": {
				"block": "minecraft:glowstone"
			},
			"randomizeGenerationAttempts": true,
			"trait": "libraryex:cluster",
			"maximumGenerationHeight": 124,
			"blockToAttachTo": {
				"block": "netherex:fiery_netherrack"
			},
			"direction": "down"
		}, 
		{
			"generationAttempts": 10,
			"generationStage": "decoration",
			"generationProbability": 1.0,
			"minimumGenerationHeight": 1,
			"blockToSpawn": {
				"block": "minecraft:glowstone"
			},
			"randomizeGenerationAttempts": false,
			"trait": "libraryex:cluster",
			"maximumGenerationHeight": 128,
			"blockToAttachTo": {
				"block": "netherex:fiery_netherrack"
			},
			"direction": "down"
		}, 
		{
			"generationAttempts": 32,
			"generationStage": "decoration",
			"generationProbability": 1.0,
			"minimumGenerationHeight": 10,
			"blockToTarget": {
				"block": "netherex:fiery_netherrack"
			},
			"blockToSpawn": {
				"block": "minecraft:flowing_lava"
			},
			"randomizeGenerationAttempts": false,
			"trait": "libraryex:fluid",
			"maximumGenerationHeight": 118,
			"generateFalling": true
		}, 
		{
			"generationAttempts": 16,
			"generationStage": "ore",
			"generationProbability": 1.0,
			"minimumGenerationHeight": 10,
			"veinSize": 14,
			"blockToSpawn": {
				"block": "netherex:quartz_ore"
			},
			"randomizeGenerationAttempts": false,
			"blockToReplace": {
				"block": "netherex:fiery_netherrack"
			},
			"trait": "libraryex:ore",
			"maximumGenerationHeight": 108
		}, 
		{
			"generationAttempts": 16,
			"generationStage": "ore",
			"generationProbability": 1.0,
			"minimumGenerationHeight": 10,
			"veinSize": 24,
			"blockToSpawn": {
				"block": "netherex:basalt"
			},
			"randomizeGenerationAttempts": false,
			"blockToReplace": {
				"block": "netherex:fiery_netherrack"
			},
			"trait": "libraryex:ore",
			"maximumGenerationHeight": 108
		}, 
		{
			"generationAttempts": 8,
			"generationStage": "ore",
			"generationProbability": 1.0,
			"minimumGenerationHeight": 10,
			"veinSize": 32,
			"blockToSpawn": {
				"block": "minecraft:magma"
			},
			"randomizeGenerationAttempts": false,
			"blockToReplace": {
				"block": "netherex:fiery_netherrack"
			},
			"trait": "libraryex:ore",
			"maximumGenerationHeight": 108
		}
	],
	"subBiomes": []
}